Id;Year;Depth;Salinity;Watermass;Bloom;BP;BR;PP;Chla;NO3;NO2;PO4;SiO2;NH4;DOC;TDN_uMN;THAA;D-AA;DOC_AA;DON_AA;C_AA_yields;N_AA_yields;DI;RI;a440;S275_295;S350_400;S350_500;Sr;Peak_AC;Peak_B;Peak_D;Peak_M;Peak_T;FI;BIX;HIX;L-Asx;D-Asx;L-Glx;D-Glx;L-Ser;D-Ser;Thr;Gly;Arg;b-Ala;His;L-Ala;g-Aba;D-Ala;Tyr;Val;Phe;Ile;Leu;Lys;pHNA
400149;2014;2;34.833;CLB;0;0.00659089846231315;NA;0.366108259736758;0.510606594142259;14.565;0.03;1.009;7.44;0.0123919414679589;89.0872305527571;19.9904331498497;258.63860706194;12.666620312893;4.68504016296175;2.15671975545169;11.8711884305725;16.9813443334852;1.17988770200408;1.33252408905997;0.0368470010278226;0.0125297658266809;0.0215036923557523;0.0181822550614987;1.06310580679036;0.0465271772428638;0.125177471806262;0.0150619221512039;0.0935457552183739;0.058397640339494;1.40029463539778;1.7362318270346;0.469628063842159;21.787086320343;15.2307498147797;19.3057551145709;4.96560194730739;16.0004792661995;3.50382929959619;10.2530535286009;64.5119213821746;16.9515448487362;6.31420218761836;5.43866838020877;26.0305574214644;2.93134989634287;9.06058927740785;7.44560400606796;2.6051664624653;4.874316862469;3.73886295205172;9.57525630332491;8.11401179021012;61.7874592833876
400145;2014;10;34.833;CLB;0;0.00177162207684993;NA;0.18037901732333;0.478693682008368;14.625;0.03;1.007;7.435;0.0600511440542156;124.056050022064;17.8486010266515;192.135168714869;13.2255988124778;5.79534291138139;2.05919216521631;15.6231814817831;16.8534207126428;0.179133114113103;1.11240031800532;0.0630914597009272;0.0144632210018372;0.016180965552377;0.0150090782927926;1.66822809938388;0.0338819565442792;0.116157350478135;0.0151655596700195;0.034208760089132;0.0519737252928896;1.20906183218434;1.25731135551355;0.560042084508331;12.2980821120783;11.4003662515074;11.2716723828747;2.40770056641884;8.77907529258061;3.28224378757132;5.31412932635259;64.6744897251367;9.47420352806927;5.31448884816502;4.41313282836388;17.5316402551302;3.10538597565892;8.32071598640835;6.09432389428192;1.89604497518188;3.27194753730482;1.93726147659507;5.97686026398998;5.37140370119956;61.5384615384615
400143;2014;20;34.833;CLB;0;0.00450138452086717;NA;0.143500680095149;0.465016719665272;14.78;0.03;1.0035;7.435;0.0758606059348318;73.2680026975947;17.8486010266515;194.077962731971;14.6212729265482;5.40559294560896;1.74237346267554;14.5459155593797;14.5647036682937;0.242058357119293;1.28512519136291;0.030921411554871;0.0152105942802403;0.0222633493268519;0.0183741023626032;1.44729348624178;0.0341747875301906;0.0999694716940777;0.0152246777498432;0.0287562341909499;0.0414781189840988;1.35150630723628;1.02947226307997;0.665402521361453;13.3424370531852;13.3252256380927;10.619497619821;3.77550283978514;8.06438748864821;3.52660323678428;5.51054596578421;63.632397575404;8.77131813332507;5.17809927630975;3.78610502214999;18.9420377379098;2.11837304426746;7.74933690666387;5.93059634749105;3.46143333146719;3.4462840397649;2.63021478099062;6.05649851060738;4.21106818351883;65.2939421068338
400140;2014;30;34.834;CLB;0;0.00833573189888813;NA;0.0391724400035814;0.492370644351464;14.695;0.03;1.016;7.44;0.0945076635376099;73.2680026975947;17.8486010266515;145.556293473785;13.4391500017221;5.27684362905846;2.06736940405283;14.3855939932676;18.2807993409475;-0.0203499377767781;1.22333252255874;0.0407073630698771;0.0150706970773166;0.0185806521947564;0.0160790335609579;1.62790067434127;0.0284047450253401;0.117718044389644;0.0135253819679872;0.0265501719437993;0.0348891374882809;1.53236168523973;1.20859885002936;0.516494535552966;10.1181983546807;7.96224994099413;7.50449384435766;1.43777205663674;6.50267339612402;2.60572978808834;4.83067307016408;49.3221727226607;2.45872338937572;5.01138534100285;3.92027562731369;14.0805051905659;1.83182819546268;7.55577683116962;5.20858701354705;1.5457650670673;3.16293866442542;1.83849241752733;4.82194830483302;3.83610425778779;65.6547966530453
400136;2014;40;34.834;CLB;0;0.001384079747539;NA;0.0287901510270225;0.437662794979079;14.83;0.03;1.02;7.475;0.0704556617021425;61.6117295411591;17.8486010266515;225.991383332627;14.6597676173717;5.85437391825885;1.81023639524023;14.7574630857564;14.3002147155601;1.45982940370193;1.51000479363078;0.0289613625910744;0.0158660285957328;0.0226798197896333;0.0169638623277653;1.54318378103355;0.0327783618224752;0.0724233606699818;0.0204440466049357;0.0358682460535789;0.123542899495665;1.78926314407098;1.48477281890248;0.632451065704509;15.3137014146252;15.8033559514827;12.0642586135911;4.25676161940486;9.40847768656583;4.39042578162577;6.84874979781789;59.7476787367855;14.7512948200251;5.27345967372275;3.62766308467896;23.425421626269;2.40422287688647;8.6792682793335;6.82651610142384;4.62401641978245;4.76682135397151;6.32771200200805;8.87407035158382;8.57750714104295;62.7792502839833
400133;2014;60;34.835;CLB;0;0.00123227745264763;NA;0.0172618579915165;0.442221782426778;14.915;0.03;1.015;7.51;0.0732932574243044;104.90645840792;18.5625450677176;164.941381633493;13.1428804737062;5.36839270170589;2.15276452999294;14.4431371997831;18.190218062883;0.264554800389385;1.18824739061176;0.0240251718477853;0.0160237973889929;0.0183832353431844;0.0176020992480878;1.57454246859031;0.0345127736709603;0.0699062452855676;0.0184077490253093;0.028510900288944;0.0328076548437476;1.80837995973834;1.28015070364521;1.0693355154499;11.420052260943;9.06758682404444;9.95340076768595;2.020522575764;9.92110393960702;2.66954263627287;5.93088377190565;53.2464207211341;6.74266760919673;4.68545485812953;3.65682953159122;14.3115928327327;3.12186227352838;7.92039660368821;6.02111515571051;1.84146122148765;3.25590905366049;2.00432248540541;4.42950716092886;2.72074935007618;60.9559071019859
400244;2014;2;34.618;CLB;1;0.0298806723543116;NA;3.13391988149847;4.24479937238494;7.52;0.09;0.6205;6.02;0.368492608629104;63.2769114206499;11.423104657057;191.963171833623;11.793650297908;4.82516577561852;2.1785818117743;12.8099777438935;18.4880897296227;0.335310340921763;0.8781452947416;0.041806023780459;0.0155823564727539;0.0214353861143282;0.0164207553442519;1.71366501841819;0.0373516191067168;0.0319335570835243;0.0177732906979619;0.0219861382615859;0.0244503490780309;1.53072681456001;0.969024882277564;1.83076637176522;14.9854414794071;10.3830722719854;16.5810064791415;2.38340536877283;12.062524814962;2.56063292497431;6.60313689325876;55.7195510969713;6.32095959047818;8.04754712119288;4.70690188901752;17.7724796299735;1.97652860754516;7.31235462109719;5.57685265641746;2.10883014122738;3.22574227890733;2.34649872250047;5.42583560803065;5.86386963776205;71.8331473214286
400241;2014;10;34.618;CLB;1;0.0683871871984952;NA;2.18687112308327;3.48073548535565;7.415;0.11;0.631;6.06;0.301010910733671;168.18336982857;12.137048698123;272.81697703186;10.3491885850899;4.38098975665875;3.02187131436054;11.1851332744136;23.7337545554812;1.26205743641088;1.31573662076019;0.0187516495869934;0.0180016513568995;0.0224849817359147;0.0204676590244176;1.42097506490267;0.0312907331685344;0.0351297696903104;0.0148673597472636;0.0191651467819563;0.0181116957609644;1.54003163392945;1.01338970679328;1.62526440147992;24.3910349871234;11.4948933340534;23.8497754191853;4.69240740613017;21.9657881573358;3.5857033815002;10.1660737881269;69.7562052397435;19.4747924449088;6.16026597184666;3.94474295139283;24.3852406344874;2.60697828832797;8.46133932348475;7.27527403060513;4.37929388550188;4.26011030565625;5.38039616870171;8.35661730501938;8.23004400872899;67.8328195569575
400239;2014;20;34.618;CLB;1;0.0501667751470786;NA;1.14668117306514;3.99011141004184;7.265;0.1;0.6395;6.015;0.304892601320576;66.6072751796315;12.137048698123;209.724461775777;10.0541785261824;4.0990405579537;2.72364895243045;11.0312624642376;23.4350811190694;0.353429218975739;1.06132476158328;0.0164784514033662;0.0170019317584387;0.025670652043484;0.0218523670562712;1.3064376475687;0.0308064009132017;0.0387604209081204;0.0149844645598133;0.0199357397088635;0.0193694935414689;1.30334265845263;0.959885516481837;1.43627783521463;19.01182774462;8.94916730649259;14.1511389626661;1.91751891042524;18.289501432671;2.29210775668473;8.8724743861722;60.0691310846396;6.80301386231106;6.1628466775765;4.21058600030995;21.3601116712157;2.38325787894727;7.92727782640918;5.03284431059632;3.38064472396913;4.03734763537119;4.2471197155577;5.43731806775748;5.18922623120318;72.1259842519685
400235;2014;30;34.617;CLB;1;0.0988317915801762;NA;0.107785960496366;4.54193532845188;7.245;0.105;0.643;6.01;0.519075288103358;64.9420933001407;11.423104657057;275.021989084288;9.61583568332776;4.24323084272179;3.17230238490141;10.8034440984388;24.8777099318519;1.21666817643422;1.21351997876883;0.0226607273452311;0.0165705934774741;0.0215012031426014;0.0195630850453288;1.50529459154241;0.0319290035538135;0.0544854468524456;0.0140773354874254;0.0209708859274742;0.0238820721020596;1.95904624217195;0.922513063699927;1.12778049504806;25.4568808408081;11.0549560163561;24.7759432075226;3.06615360679628;18.4811595787994;2.64596660528828;12.3377080769527;67.817146475768;19.6263734131841;7.85711576975418;4.34053544557736;28.2095339824296;2.17619033811729;9.67858633492413;7.28466391648907;4.68532724319604;4.89095349851634;4.9979182071019;7.52442338503597;8.11445314167089;70.731390464643
400232;2014;40;34.623;CLB;1;0.118158437416789;NA;0.0414159324974555;3.82031943514644;8.23;0.095;0.692;6.13;0.423694201959246;70.7702298783585;12.8509927391891;199.003431920874;14.4738159415761;4.95209284746984;1.7817334831164;13.3731329714743;15.0678868738131;0.0846939832304329;1.08685113468971;0.0176154484501402;0.0164299305433285;0.0282985396362594;0.0219287554969383;1.34562620384595;0.0318529610811962;0.0614656267871486;0.0152749295876084;0.0193114692215604;0.0442136697175482;1.38439162507139;1.0436516769449;0.97755651215417;14.8808384950154;13.2071227762353;11.8417460890835;3.0119398290074;10.8583032898445;4.0947779649615;6.69171082961418;60.0249780559117;8.3088439259585;6.41058166695748;3.90040518673385;21.0847029155872;2.18144239239796;8.48954988344274;5.70542208334905;3.43283177397819;3.63282901484272;2.61788169770719;5.04256946198591;3.58495458825945;69.657710339265
400229;2014;60;34.652;CLB;1;0.0845025105176083;NA;0.0276548801746041;2.84401557949791;10.345;0.11;0.815;6.35;0.520929920333937;63.2769114206499;13.5649367802552;493.229252400203;13.074201126273;5.20753513056627;1.79471325258689;12.5821642632841;13.707575592002;2.28381043961799;2.95618203359458;0.0378276015843581;0.0138268685238372;0.0168892525680904;0.015884863207483;1.51236210327792;0.0277829382472085;0.0459034027674158;0.0144529748642513;0.0240925894420997;0.030382810607479;1.37297164217459;1.14193131294113;0.884893795900937;39.2006686671141;35.9822383681028;27.5516966843594;5.68830697304016;21.9161412157024;6.52607066507254;21.719774646434;104.017666752104;42.1954645079246;6.06274652202383;4.62962862321541;61.5615880004033;3.3787223770791;16.2891684661997;12.2104306892583;14.778400943699;15.7002700410118;17.6789650034975;19.4382058546221;16.7030973993392;72.6156751652502
400365;2014;2;33.262;GSS;1;0.0407884560843667;NA;7.83460389164345;6.36719905857741;3.25;0.055;0.454;5.26;0.0292564840882815;96.5805490104657;9.2812725338588;356.128809754064;15.4535081253089;5.51218385432825;1.78170416857504;13.5565178862851;13.2108144407403;1.75130186542725;1.59512395887287;0.0342320352179279;0.015889675435343;0.0204692290593928;0.0200190720447123;1.36183726356973;0.0504013472910501;0.0387522980123146;0.0211190236656083;0.033329190656501;0.0318627703031551;1.24112044563486;1.09507860439588;1.63160974570772;26.2699324960398;26.9573697633519;25.2980406221294;9.78712570152276;15.5101532892267;6.8511827238801;9.22579984131441;85.8232641517803;34.908977869552;8.09828758071303;4.43999774017194;33.2200261862991;2.86784540121964;11.4387163631553;10.6830045542589;6.82768893730373;6.80933690140794;8.91571643844146;11.631501223532;10.564841968764;60.8800405782399
400362;2014;10;33.263;GSS;1;0.0219694604251257;NA;5.21960232513422;5.85782313389121;3.605;0.055;0.4585;4.91;0.0225584755650684;70.7702298783585;7.85338445172667;235.316129335792;12.2903614167261;4.34326425763605;2.12261930402101;11.5901565133469;17.8059122523735;0.321749801934261;1.17568832720997;0.0414786905606676;0.0159061522271805;0.0211317726186944;0.0183375055727261;1.46243260889726;0.0490457504361356;0.0292509825049346;0.0213414360819704;0.0256634305597374;0.0232301123199982;1.47217764021146;0.872040341851151;2.40601816449304;20.3031019524895;13.2156177117196;15.7676373578119;3.98488569147353;13.4074845648362;3.57601007656296;9.98248853178773;67.7672873960905;10.457147986848;6.90656875425632;4.03579671514457;26.4321044415379;1.98041611769074;8.1446892874635;5.99562108702422;4.23888621999475;4.45270329101553;2.79563716972743;6.11395901436212;5.75808596795516;49.5562265532071
400360;2014;20;33.281;GSS;1;0.0269341918871088;NA;1.36372541216669;5.85782313389121;4.85;0.05;0.499;5;0.0897148241793892;67.4398661193769;9.2812725338588;394.101187665874;13.4210470540081;5.7390002906367;1.99845130382902;14.0443279184333;14.9713180499505;2.01361246860356;2.40686653859848;0.0540638413105955;0.0155821771891264;0.0218840644327708;0.0167717923936054;1.58315156249425;0.0486781489355865;0.026765127274944;0.0201820069401023;0.0255016044958517;0.0220381990882438;1.18314189503498;0.877976069675899;2.37713779182159;28.0612351089162;26.3237469373765;29.2740621256564;8.21452406387125;21.3481940860275;6.08135640546945;10.4962293449422;98.0718239302716;36.8530734838257;6.39533075705044;5.0032079763053;35.7842865343449;2.49090855363558;12.2728784303245;12.6502464257546;8.17047725089363;8.73774562511405;13.7045138939072;12.7669069154962;11.4004398166905;43.1380557824717
400355;2014;30;33.348;GSS;1;0.031839071251901;NA;0.0678720578389869;2.08608024267782;7.55;0.05;0.6535;5.385;0.220824918357001;69.1050479988677;9.2812725338588;290.288867270303;9.66812243090872;4.04444311801882;2.85244296846038;10.2173977199018;22.8707250977002;1.43685276396125;1.40503364438976;0.047679561979246;0.0160631361684479;0.0209766288942606;0.0172826077289446;1.62810522864891;0.0501127763579362;0.03670086157268;0.020423604877982;0.0292740136474672;0.0330538046410612;1.32939563756878;0.942472925585915;1.89328262663197;28.411232999658;12.6925957104654;26.0472271528765;5.0164184433272;19.0316197226897;2.29479875919274;12.3762304603686;72.5365572691267;17.977640782979;7.04866420860072;4.44016652628704;28.1030001781531;2.05138367925508;8.06167017800572;6.56666642450176;5.12264665471706;6.21920702349363;8.19403469845187;9.15017521169453;8.9469311864591;69.2432651956139
400352;2014;40;33.422;GSS;1;0.0311290757489743;NA;0.00211662933649496;0.966345994769874;7.69;0.055;0.6895;5.43;0.273121390958472;66.6072751796315;11.423104657057;242.602202545662;9.69354526877214;4.07260425840015;2.89472739718446;10.6510775606343;22.9977775044069;0.646361449516847;1.25280763324623;0.0373902468533004;0.0160771567709054;0.0220603754530989;0.0184944250798801;1.45228895746376;0.0509575695438752;0.0234022413180742;0.0206771734761585;0.026856618933225;0.0287219273276472;1.3990906151534;0.907560909464606;2.47831814803623;22.7772449467747;10.5489411965645;19.1475926822118;3.04374487622967;17.9219200115049;2.12656539230655;9.02037788890585;69.8814284630418;15.6345124080596;6.25662247948838;4.03184118715592;22.2867091365555;2.31851979012096;7.7975028617013;5.41039105408737;0;5.33261263745164;4.02305530269297;7.24895144513032;7.79366878567832;72.3416210141874
400349;2014;60;33.443;GSS;1;0.0308919118138554;NA;0.00476547671094607;0.766941265690377;7.95;0.06;0.6955;5.4;0.254002250437504;67.4398661193769;12.137048698123;202.141758461017;13.0552590205562;4.42620628711691;2.04388806535214;11.878383586351;17.3854143247823;0.248028671678785;0.95314297116725;0.0398250854976461;0.0159294585913787;0.0217835740542853;0.0179793402845536;1.51909450746856;0.0509400998885944;0.0473062846639513;0.0211874513592111;0.0238493186986087;0.0568919030375351;1.24614953611661;0.817124600213666;1.38244395735485;17.0176149803152;11.6270889312584;12.7823519903398;3.43970670626715;11.1016136095696;2.40189842568179;8.28466303167706;59.0080810725275;7.79931626133349;6.49833699679841;3.89352635937584;21.40052688435;2.71154045367314;8.92143609258543;5.27190003678154;3.44316265420856;3.50642992044717;2.90257580729154;5.81206519643528;4.31792305010029;73.4664305264853
400468;2014;2;34.476;CLB;1;0.0201381406314944;NA;0.723651937602571;0.920329518828452;10.91;0.08;0.7735;6.215;0.0770741128553084;61.6117295411591;14.2788808213212;195.334581664625;13.9945778155862;5.15286247804841;1.85546146374212;13.9046503820643;15.4496707740593;0.102927815066289;1.02476681518175;0.0120002445985564;0.017045689144406;0.0272686399372064;0.0249053439072862;1.09190923009887;0.0301290788934164;0.0344652996205537;0.0142400967516053;0.0185439221864522;0.0222184761217792;1.26339424192555;1.00173898629558;1.54947437779988;14.0481476554483;12.6432844117689;11.0404715095837;3.33880299544089;10.5227520058671;3.10801220293066;6.48343791783233;60.7467836630275;8.88572921723453;6.60803431770796;3.94463476330026;19.6661344179777;2.33207842371022;8.24615042166533;5.71320507436208;2.77679710038324;3.44832578702677;1.88194486828132;5.18962374231886;4.71023116875741;80.2908594529322
400464;2014;10;34.477;CLB;1;0.0163479590752177;NA;0.627281149675246;1.07371777196653;10.955;0.08;0.765;6.255;0.0569906678901351;68.2724570591223;14.2788808213212;202.525627767761;14.9078986738174;5.23701303967656;1.66377675340011;13.7682026113281;13.7368891562401;0.467638582471097;1.3457526408901;0.0296197807764075;0.0168884688478286;0.0219179761194169;0.0165296655539004;1.79746359277332;0.0267066854971061;0.0194517003391108;0.0129274213030474;0.015319654948846;0.0151576694806525;1.30119774690236;1.0227679917141;2.30194537842842;14.7096635258061;14.7431944353836;11.6210881026603;4.44874597980737;9.48751754875405;3.38841666067875;6.20459962973635;60.7823185872176;9.66305543802998;5.5532836627349;4.43892299775674;20.0769863440868;2.43514250872516;7.61195830026062;6.34865393026401;3.31931033776112;4.40179168653395;2.73095193900002;5.65882450543597;4.90120164712743;78.0783944114875
400462;2014;20;34.515;CLB;1;0.0125586562997332;NA;0.391159425388629;0.797618916317992;11.445;0.08;0.814;6.295;0.0453561204620348;105.739049347665;16.4207129445194;179.617677266191;14.0096027402114;5.20706886371506;1.7316364156979;14.3220445309848;15.0986161609176;-0.222234636201736;1.14019225734925;0.0303485651599338;0.0158434624399255;0.0239501297624103;0.0171721862608362;1.61211445730835;0.0291916248660072;0.029525195465991;0.0138224763756526;0.0166751146670343;0.0170422842585483;1.68420766770465;0.856222676165302;1.65536259119131;12.5413433031576;11.8963006511237;10.0093543581564;3.02417197310648;8.13024627735159;2.55299652229288;5.16019886795831;62.0594705220205;4.99572730877914;5.66934586670289;3.59466912706647;17.3904664463384;2.26698904049504;7.69025388966535;5.68361614338659;2.51552505369848;3.36533146953109;2.13729944449844;4.72789425175825;4.20647674910349;73.7052631578947
400458;2014;30;34.536;CLB;1;0.0315183518890372;NA;0.149267708116103;0.556196468619247;12.025;0.065;0.829;6.405;0.130234367793082;88.2546396130117;27.8438176015764;189.096778127397;10.9917613102765;4.24916909306285;2.76606679899074;11.5894496115015;23.7147941264793;0.0314636011726329;1.22622650405863;0.0454042493728143;0.0157451269606447;0.0209267262161765;0.0147554430936427;1.80973896637643;0.0279736590383226;0.0256085721887201;0.0126775320578818;0.0182505219359611;0.0170838680927601;1.65531415133292;0.997747843376202;1.7464079174049;16.3162863178365;7.97378957282435;11.6342711152399;3.14498234126623;12.0266474992549;2.23289452928566;7.29923581067435;61.305548702275;6.48307641070887;4.7406124879144;3.50415685899507;19.1621878949082;2.24092584118048;7.4334000538104;4.76510164622596;2.50776467978365;3.79584569201135;2.22511136369319;5.29891439174229;5.00602491776604;71.5463619268046
400455;2014;40;34.56;CLB;1;0.0384317203803955;NA;0.103963176825464;0.501488619246862;12.17;0.08;0.8505;6.3;0.0702331831045293;67.4398661193769;15.7067689034533;285.184090776717;11.9472352940339;4.80536725337167;2.23850492415422;11.9825640228526;16.8806251664955;1.52609675915434;1.90236951286087;0.0168748916118041;0.0168438209920795;0.0276983161831344;0.0203730307995613;1.29069494574425;0.0301780473995087;0.0349012236282766;0.0143827088134308;0.0175392645412489;0.0307260593900741;1.39404384200869;1.04709173968798;1.26096319208969;23.7999221396044;16.8941664164635;24.55630256007;6.73921306295445;18.294127173866;3.43170468425995;8.20741029631123;72.2929482456508;25.2921679043917;4.62829208630744;3.82466574888932;26.1924522785356;2.06299338624532;7.00653018256771;7.61724160682109;4.56315999080794;5.11205587801211;5.87197007875771;9.32994591652611;9.46682113967413;70.6692913385827
400452;2014;60;34.63;CLB;1;0.0136114356886549;NA;0.0160500578919797;0.310011146443515;13.11;0.1;0.883;6.405;0.199037379161153;96.5805490104657;16.4207129445194;169.492828649124;14.1297988058286;4.88121581783881;1.70041011905839;12.9828993149799;14.8014419908748;0.307365517912706;1.15772834184515;0.0123462500206619;0.0164331977469101;0.0268857367796067;0.0231509363953962;1.21371569818357;0.0308912678958684;0.0334279106135466;0.0135848555610583;0.0225359916001882;0.024421963694591;1.46414582060381;1.20293177797179;1.09487218397682;13.0550830393917;11.4511024502624;8.88047260199173;2.47731785696494;8.49095590342469;2.32077482540254;5.66020480558127;50.7671563405259;4.49576417658324;5.68716041804031;3.57676368047882;17.6820195995131;2.35530947362473;7.69980054579915;5.58714365423941;2.53123030469359;3.72385167777748;3.92552254061842;4.54313848603613;4.58205626817408;65.1494657108075
400563;2014;2;34.834;CLB;0;0.0112886747756888;NA;0.582519950385852;0.551637481171548;15.19;0.08;0.967;7.59;0.0346986480964584;65.7746842398861;18.5625450677176;176.20703054647;13.1586340514885;5.687311715108;2.01230956530866;15.2304611968708;17.3308846133867;0.362460811811827;1.03003383824811;0.0233831874556019;0.0164385423265069;0.0209060520937045;0.0177629961691953;1.54926005961407;0.0294061535308746;0.0174558272059184;0.014075665041635;0.0185957558075504;0.0211356232824408;1.44856820126156;1.03745768161636;2.20278654693792;11.5693824545952;10.1672265713641;10.639716715551;3.37059514018975;10.2870892075364;3.02634617497169;5.38252205126026;55.307603732461;5.24856270017488;7.32857951011006;3.71683450252681;16.5051655433525;1.73509886068401;6.62227043607902;5.7602934582375;3.00548655818493;3.57560196267793;2.72152775267655;5.02744204372121;5.20968517011544;65.2040030792918
400560;2014;10;34.834;CLB;0;0.0161206175291081;NA;0.543330139011981;0.528842543933054;15.13;0.08;0.971;7.605;0.0129750514945635;98.2457308899564;27.1298735605103;224.080665880097;10.3039948205557;5.69918669675105;2.56285413171946;15.0002120135972;20.8008383882876;0.852326060582941;1.80909556713064;0.0237180122915224;0.0162646699447445;0.0190392584874519;0.0175588641265683;1.49088429647797;0.028130325582441;0.0456161352192709;0.0151400135590823;0.0208286895329661;0.0254951866265002;1.88882787185822;1.07455057808644;1.31548055048785;14.9384999143329;10.7726747209512;15.6986717887338;2.90524678105693;19.1868897069445;4.00143461153495;6.07402293588951;71.8686984385326;12.8155877984617;5.60710347829216;3.63969329916908;17.6905498767731;1.55041350067746;5.40990409260882;8.45245962426451;3.51931241762076;4.49617261405171;2.79105062153615;6.38115634989068;6.28112330877482;64.7282487139342
400558;2014;20;34.835;CLB;0;0.00819074323641452;NA;0.223471863001881;0.524283556485356;14.8;0.085;0.9775;7.48;0.0590975644769118;74.9331845770854;20.7043771909158;391.509483772653;11.9792155622094;6.36852394000353;2.29947659071723;16.05109083859;17.3427162703014;1.82618948777798;2.14077656719085;0.0252414804586186;0.0158412201649844;0.019757204094041;0.0174104223574276;1.50329520410165;0.0256816823069491;0.0316050377630818;0.0121966840343095;0.0166875330455317;0.0193704260633876;1.58379747887096;0.861661232781094;1.28679989925933;24.391456487891;22.5748653019882;27.256899241001;7.65371202795517;28.2133900584792;8.13122081366914;11.13393524302;110.902696046197;35.8594010806659;7.63677928834148;4.6730020544217;30.1736736930617;1.52818683503565;8.53996686400679;11.2216237353921;8.67821569481812;8.39852098063161;12.7509311250766;11.1209553193289;10.6700518816719;64.3292998241804
400554;2014;30;34.835;CLB;0;0.0140336659793406;NA;0.078567222149915;0.51060659414226;15.69;0.08;0.9755;7.44;0.0594186028503388;71.6028208181039;19.2764891087837;264.27187128981;14.9027256667745;6.47031437315906;1.93376351601474;17.0095931341118;15.6203808646213;0.775506321753354;1.29130522966594;0.0475110547356119;0.0151496581641633;0.0183341398589153;0.0140919339684338;1.78442522148279;0.0253060545134159;0.0277448681462646;0.012721283496242;0.018098407139764;0.0251766071563388;1.44865598074853;1.06952646160923;1.42665914214655;15.536636838175;16.9184012592395;16.0497449349472;7.13684158005685;15.9482351719099;7.32413522096439;6.4573165190527;80.27171928859;14.4828364681317;7.70249729456956;5.8160938041262;23.0131204018276;1.53258641862662;8.00433393251094;7.04601371269726;4.99760517375513;4.87929818255572;6.56873771927985;6.7764146270995;7.80930274169392;65.6916318439944
400551;2014;40;34.835;CLB;0;0.021260367582904;NA;0.0139901539441476;0.533401531380753;15.17;0.075;0.9895;7.49;0.108109422820103;70.7702298783585;18.5625450677176;163.517928196988;14.130624579569;5.92582963749608;1.82692799287252;15.7095142217279;15.2250006961877;0.497536337237651;0.945134106860602;0.0418380787365729;0.0154680796490092;0.0176116930753101;0.0140769275888581;1.84381058037194;0.0257986698749366;0.0234290979269401;0.0123359778227798;0.0159025535723541;0.0156185195685339;1.42260982998825;0.964566168060193;1.51556779714209;10.40884688661;10.7400933149338;8.20231406502665;2.78709787089492;5.78541129435835;2.88533634935006;4.9340592554663;51.3544860675879;6.40283355821813;6.83897740610489;4.38744830892653;15.8896661811455;2.28476228326389;6.69357701862679;5.20459179767816;2.74472370564921;3.41856576486203;2.31770377859015;5.524987548035;4.71244574166005;64.54637607704
400548;2014;60;34.835;CLB;0;0.00699742578451459;NA;0.00648550182841279;0.496929631799163;15.33;0.07;0.979;7.45;0.0654113191543098;97.4131399502111;20.7043771909158;197.338027953964;14.3183295016905;5.59550584174087;1.93664332164913;14.9168118382632;16.0643590516638;0.277747380421327;0.880992174913293;0.0370697404444377;0.0151766751220503;0.0192597794079675;0.0151349025117182;1.6457908039029;0.0257248554313744;0.0341136573376076;0.012720430084721;0.0186180928412379;0.0290155548725699;1.66335659610252;1.18484189817719;0.969688006958172;13.2292362532704;12.2842142235065;12.5928986075629;4.37159183545571;9.58347676546458;3.25810239783901;5.84206950105234;59.8360192273073;9.10289053963124;8.34058730201445;3.95008398495409;18.7916658198447;2.55185092690688;8.34160061778556;6.24123486894505;3.50433101999353;3.35491797646105;1.84128713486204;4.96542211726241;5.35454683384474;64.8018433179724
400804;2014;2;32.909;LSS;0;0.00651615957333439;NA;0.397613977446748;0.300893171548117;7.46;0.07;0.9155;8.02;0.127289717128617;95.7479580707203;26.4159295194443;183.506993172417;15.7789712315972;5.54375727512742;1.65744711398331;15.7195774716227;15.3435273388388;-0.756961231286263;0.687092868674831;0.0435798145825977;0.0160819489698347;0.0220560220731262;0.0184804073071926;1.38561724990461;0.0576214116638723;0.0330248315790422;0.0238984298804568;0.026052206880218;0.0238971850442292;1.46669525248918;0.889824324380267;2.97794155143601;11.6737866207719;11.959896125574;9.48268715183396;2.85923165641008;7.25398023804644;3.43648770371721;5.67962507255861;63.1640193346051;1.34712461091685;10.1617277659004;3.46486998710362;18.0327646074729;2.94077223243545;10.6999001749434;5.76719779904705;2.62272917502935;3.2354365116215;1.78763723337312;4.1862729817027;3.75084618935338;67.0549506204102
400801;2014;10;32.908;LSS;0;0.0117958745722006;NA;0.335193844004455;0.323688108786611;7.46;0.07;0.9055;8;0.134088696279602;81.5939120950486;12.8509927391891;174.300488666142;14.1348918059688;4.96907076726949;1.69897704340618;13.993541756697;15.5704230384225;-0.524967180643533;0.736618352349257;0.0417117903759998;0.0161465820113988;0.0200334413327634;0.0188739953006922;1.43592626548972;0.0621945721428528;0.0192095744517792;0.0223219921442885;0.0275793866283035;0.0272711836227335;1.46008390446206;0.8419121113371;3.24758104934068;12.4557807949318;11.1943322436409;8.19004869146845;2.27188909382995;7.72196876907542;3.21935662954692;5.68184007517315;59.9653940945725;1.49606764907711;9.09979213827151;3.51593302182793;17.4415027541126;2.28072147430509;7.95160752321638;5.23167349259053;2.16410845692579;3.15142169359394;2.6601679377633;4.23830480717326;4.36857732504585;65.7172995780591
400799;2014;20;32.908;LSS;0;0.00682109650818901;NA;0.281918917648993;0.332806083682008;7.36;0.065;0.897;7.885;0.113963717992687;78.263548336067;12.8509927391891;187.070921433222;14.1850834417623;4.6905300959864;1.88658439578143;13.3039944241625;17.158397365977;-0.585421466176078;0.678564700903;0.0393133688114948;0.0161704231060225;0.0225528463140226;0.0196132867640405;1.45200000683588;0.0581178154890386;0.0350849391031027;0.0234433252553451;0.0267105474041344;0.0322947502359981;1.35124628448416;0.845995634145434;2.33126384710263;14.0612597592093;10.9025870798493;8.80946588516429;2.63586301722365;10.8424402085802;2.9223492792215;6.9431461644876;62.5417941545801;2.42071748536602;10.4120044091256;3.63110812984958;17.7376780938176;1.82620028204355;10.0753669242817;5.16713828674216;2.7427399993836;3.13727541911072;1.55831582218571;4.61225459709952;4.09121643589987;67.6328014542517
400795;2014;30;32.908;LSS;0;0.0139067060347966;NA;0.0722786230294456;0.310011146443515;7.385;0.06;0.905;7.945;0.128930525823083;101.576094648938;12.137048698123;192.359153904557;13.4168987097224;4.47751031111156;2.11235370679855;12.5731948439282;18.8509432419637;-0.451151389887709;0.747407550223913;0.0455427062709331;0.0158160499269715;0.0197852602548695;0.0184509350722682;1.45559232889279;0.0549786265313568;0.0165414204589168;0.0221440143543503;0.0275568135901403;0.0240136224759521;1.65149870576379;0.937282385359123;3.2409149881129;15.2991468192709;10.2042190375042;10.4993120791408;2.72467819993737;11.281338293665;3.30015591373438;7.72150076892287;62.7988812639199;3.93039065030342;9.29524108271585;3.88327529965438;18.7993406063157;2.19402767087191;9.57957968707757;5.44372085482022;2.87127504291934;3.14344535816296;1.44043677706237;4.31686586477143;3.63232263378668;70.7477549568774
400792;2014;40;32.91;LSS;0;0.0186020318069241;NA;0.0322898419966182;0.300893171548117;7.54;0.07;0.9005;7.95;0.201086063175864;92.4175943117387;12.137048698123;185.397582834115;13.5677672441438;4.55891664872643;1.99765223967304;12.7982078105734;18.029380794999;-0.441730162293967;0.686544940771813;0.0551142840005599;0.0160481586796188;0.0185401916783553;0.0172030768772458;1.65054067126872;0.0603175952918309;0.039952585661648;0.0243261399577152;0.0321519718204826;0.0391101999231368;1.37093568728184;1.03792885430524;2.00685610134811;14.4862144433181;10.28308098554;10.3956259776054;3.00496540424672;9.50464218665947;2.60806075261891;7.76716570079767;60.4394931433494;3.11890204438046;9.83995630884217;3.67556701123684;18.6035025811904;2.01628212967047;9.25820537279576;4.90648582302389;2.6834244474604;3.23335469352126;1.56489288430499;4.69298631824988;3.31477462530255;67.606665445889
400789;2014;60;32.942;LSS;0;0.0166476233253198;NA;0.00457124968437785;0.247426094142259;7.66;0.06;0.9025;9.03;0.189311728628757;90.7524124322479;13.5649367802552;227.753660987282;14.5793252367976;4.64479640344493;1.82321282286638;12.6786138659084;16.6081193996648;-0.278168475637327;0.759979215840455;0.0505675625998247;0.0154755850894665;0.0202447957123892;0.0173780893740283;1.45784892679908;0.0639470761844107;0.0668039531175956;0.0232753474019587;0.0601653895146641;0.0522968850585071;1.72083391536563;1.36806327023186;0.942402415569607;17.9636089083594;13.7133925585746;17.9758720758312;4.45799147327643;11.780480994955;3.15863993128784;9.58721747606907;66.0875981618347;2.80260808498243;10.0924956642618;3.96119674221051;24.2902550572939;3.08491670544827;11.8749230109104;6.15096291959229;3.119672508439;3.86359659994628;2.53252437736893;5.31525488535268;5.94045285128679;67.3758865248227
400889;2014;2;34.37;LSS;0;0.0097899632591743;NA;0.985866107227141;0.601786343096234;14.16;0.095;0.817;7.59;0.103697597185593;63.2769114206499;16.4207129445194;214.489733127036;14.3926123740879;4.86209807293881;1.99024449579147;12.7293711781308;16.1170782310712;0.422004396031213;0.913666485631467;0.0896637603477976;0.0208404187705734;0.0153756338193834;0.0113585734800376;2.40703739390831;0.0319977288680636;0.021678426343381;0.0170421329042102;0.0166471029664801;0.015943463364226;1.21056365160245;0.901726671767783;2.3227179727987;16.8499865488667;13.3082268418561;12.1842537072487;3.57866782831396;10.5044768358051;2.68129417713621;7.21274844603417;56.6893534839829;12.7832745117273;7.18836543778311;3.42454279628097;24.7795536049057;4.33813949041845;11.3024870238836;7.09938697797811;3.96260186302588;3.4319942713856;2.70509767292233;5.28767165477737;5.17760995270391;68.0063578564941
400886;2014;10;34.371;LSS;0;0.00691474943260299;NA;1.27669226585564;0.506047606694561;14.42;0.1;0.811;7.665;0.091721088906947;65.7746842398861;16.4207129445194;208.929611827931;15.8955227205191;5.21746929466421;1.83335441996818;13.5046163795434;14.5647399657333;0.640545761822556;1.21019703019697;0.0445306231180315;0.0194953107558172;0.0181753433683168;0.014246578060782;2.10262718960702;0.031598028642784;0.0361741481346068;0.0143536250906186;0.0148686067186155;0.0179212118772171;1.39815705384387;0.960848174447793;1.77415521565174;15.4709771796565;14.3448913141933;13.3718597564669;5.02908888562344;9.9150771457943;3.27235581513276;6.45319502343696;55.5894974064036;13.9649519478059;6.06841363977359;3.77499853091946;21.6907235700069;2.39683128832576;10.5641179030517;6.58663688841256;4.49523774992279;3.65797738346321;2.11967337263257;5.54487281170289;4.61823421520635;69.9788583509514
400883;2014;20;34.37;LSS;0;0.0140303316612264;NA;0.778114923257816;0.51060659414226;14.56;0.115;0.812;7.515;0.0984972712224969;62.4443204809045;16.4207129445194;230.60296718857;11.7328545638805;6.49312519745834;2.93818706985857;16.207848439249;20.2677996610274;1.69603136055648;1.28051932469843;0.0531074029684439;0.0206120661321788;0.0163952445319349;0.0136368312353659;2.10815607672184;0.0317136771306842;0.0491670029900741;0.0163558749961488;0.0160560330552415;0.0223561999434796;1.41225331249111;0.852185873854175;1.50374826954543;14.2278580684492;11.3777998127736;15.1838562656033;3.99131471599773;12.8726462790579;3.1547869256764;5.86075327019157;62.8307121740021;30.6467776771316;6.65494769244047;3.37980646478535;19.6773409707404;2.30857900852388;8.53240930578025;7.5041776033176;3.49467978586998;3.97379155471763;4.90168193625616;5.03091789348466;4.99812978377039;70.811567666541
400880;2014;30;34.37;LSS;0;0.0263531608583971;NA;0.0819792095601968;0.588109380753138;12.88;0.115;0.8275;7.735;0.128753713189604;56.6161839026868;15.7067689034533;266.8183630722;9.5981365176964;5.08954095873681;3.40278517647701;13.0680607362212;25.2440186126021;1.24782310050935;1.87475315096631;0.0369182680297359;0.018550131903527;0.0177803820317822;0.0154562682978394;1.67342485297771;0.0287893996268162;0.0126012412857996;0.0136411148990385;0.0152661485039146;0.0130758338538839;1.18331226296651;0.867382537552024;2.86348481162467;20.4175943514442;10.5695676733102;19.9779966569757;3.66118204905769;20.9531384102007;2.79742892976245;7.66674375574238;80.2115745601747;26.8147208664698;6.1838418248932;3.79661473390215;20.3374999987002;1.61404359000913;8.58141208982227;10.0186577960378;4.02434243722203;4.60045245642454;3.83201205839352;5.95561196796611;4.80392686569133;71.572217378669
400877;2014;40;34.378;LSS;0;0.0252930687578841;NA;0.169393473734242;0.578991405857741;12.425;0.1;0.8045;7.695;0.130329569542057;60.7791386014137;15.7067689034533;164.298724304906;13.9963430932879;5.59405173798171;1.98453723264035;14.863321703439;16.6869204915172;0.527052501614833;1.00163263136906;0.0281420378410979;0.0215088083870685;0.0191620819219982;0.0162991854973954;1.91849579504052;0.0303013683663374;0.0241570855556334;0.0139853533843844;0.0176282632547405;0.0203097447230537;1.52779173664722;0.902444935256643;1.87463410713529;11.0539708137308;9.84595835932865;8.13991049656407;2.97452841680969;7.57722108032224;2.42629624090896;5.56908738650961;48.9561197162198;6.56094817451935;5.8550123138074;3.39175712454171;17.0459735267814;2.27229188655118;7.7490301345626;4.98218847476687;5.46708412472186;3.15838461737507;2.01245817833557;4.62887676495514;4.63162647359412;65.5042760247715
400874;2014;60;34.483;LSS;0;0.00558772766649315;NA;0.00329018875440129;0.537960518828452;13.485;0.08;0.8615;7.78;0.149712602677235;61.6117295411591;18.5625450677176;154.206706303082;12.8597084462636;4.7776046647353;2.40652695227688;12.9425707824893;20.8832403105686;0.145914986856335;1.11885319963443;0.0353799201564419;0.0167874412600605;0.01774641399742;0.0148792675418307;1.75896339773211;0.0332471239950895;0.0265289728953607;0.0134941388695036;0.0340284673770062;0.0358314478570983;1.60502469581711;1.57869825819559;1.26409013082453;11.9146890439817;7.38423271531486;7.39347330710603;2.20920442091793;11.1859021242955;2.25587450652903;5.9280951342288;47.27707979121;4.18130135911246;5.60120147493644;3.58349037824624;14.9794447362495;1.83895067996211;7.98122119240055;5.11335773736323;2.12294825427205;3.21108030691198;2.21430249948103;4.04489726457639;3.78595937598654;64.5892530150912
400950;2014;2;33.685;NFLShelf;NA;0.00838625862869267;NA;NA;0.273539246861925;11.045;0.06;0.923;8.4;0.145863924046539;63.2769114206499;13.5649367802552;NA;NA;NA;NA;NA;NA;NA;NA;0.0327054725553826;0.0163470509361772;0.0195088204734435;0.0178052544314683;1.52516668915693;0.0399409215311507;0.0180793903633698;0.0176694642095152;0.0180993610565259;0.0174836149591416;1.64119052619887;0.811880431177901;3.12660441282901;NA;NA;NA;NA;NA;NA;NA;NA;NA;NA;NA;NA;NA;NA;NA;NA;NA;NA;NA;NA;61.4588310240484
400948;2014;10;33.73;NFLShelf;NA;0.00983300838307455;NA;NA;NA;NA;NA;NA;NA;NA;58.2813657821776;14.2788808213212;NA;NA;NA;NA;NA;NA;NA;NA;0.0267372106996796;0.0205990531616776;0.0166121912575985;0.0179152601651945;1.62783078246928;0.0405984989388024;0.0185337094474235;0.0177010519331408;0.0205388811118218;0.0237640430414736;1.54917552829727;0.971024855305019;2.77834450479971;NA;NA;NA;NA;NA;NA;NA;NA;NA;NA;NA;NA;NA;NA;NA;NA;NA;NA;NA;NA;63.5673047705864
400947;2014;20;34.187;NFLShelf;NA;0.0119491749818499;NA;NA;NA;NA;NA;NA;NA;NA;64.9420933001407;14.9928248623873;NA;NA;NA;NA;NA;NA;NA;NA;0.03157034243712;0.0192393409695058;0.0172045570852114;0.0175981863329018;1.59698861247874;0.0430299771270193;0.0309782111331938;0.016931597340802;0.0228084370524974;0.0240213868402318;1.58691224439212;0.788225263520862;2.18642711068593;NA;NA;NA;NA;NA;NA;NA;NA;NA;NA;NA;NA;NA;NA;NA;NA;NA;NA;NA;NA;61.1877667140825
400944;2014;30;34.194;NFLShelf;NA;0.00289855807433853;NA;NA;0.113974686192469;13.37;0.07;0.9735;8.18;NA;64.1095023603953;15.7067689034533;NA;NA;NA;NA;NA;NA;NA;NA;0.0281656863061902;0.0163781585532816;0.0176625230326753;0.0177480928979252;1.47250571589679;0.0395194292075927;0.0140082486235355;0.0143333851585385;0.0215482776417275;0.0156738474433993;1.42927711342891;0.823654131571816;3.02791577353392;NA;NA;NA;NA;NA;NA;NA;NA;NA;NA;NA;NA;NA;NA;NA;NA;NA;NA;NA;NA;58.4352311807413
400942;2014;40;34.228;NFLShelf;NA;0.00923862692804003;NA;NA;NA;NA;NA;NA;NA;NA;94.0827761912295;19.2764891087837;NA;NA;NA;NA;NA;NA;NA;NA;0.0181770380013416;0.0167023751240727;0.0237923217751784;0.0204365078665967;1.38373264719969;0.0378667554281762;0.0169254412375306;0.0150675719607795;0.0194501763801863;0.0129973880253726;1.65540047497195;1.00044290798412;2.94662943195229;NA;NA;NA;NA;NA;NA;NA;NA;NA;NA;NA;NA;NA;NA;NA;NA;NA;NA;NA;NA;59.2253599732113
400941;2014;60;34.322;NFLShelf;NA;0.00424413651722518;NA;NA;NA;NA;NA;NA;NA;NA;68.2724570591223;17.1346569855855;NA;NA;NA;NA;NA;NA;NA;NA;0.0199679687167276;0.0168488822336896;0.0222147979728636;0.0197847661807336;1.40351946818083;0.0387825723083019;0.0193421555386584;0.0161518013635085;0.0307408553259433;0.0159657960419505;1.55010000002331;1.15095449699;1.91245416581786;NA;NA;NA;NA;NA;NA;NA;NA;NA;NA;NA;NA;NA;NA;NA;NA;NA;NA;NA;NA;61.2753277711561
400976;2014;2;32.5116;NFLShelf;NA;0.299266471164097;NA;NA;13.8549869456067;0.115;0.015;0.349;0.66;0.0035;76.5983664565762;6.42549636959455;NA;NA;NA;NA;NA;NA;NA;NA;0.0582912739408844;0.0163411975313535;0.0188924208228441;0.0161598488162651;1.76469600697217;0.0621335594042625;0.0418134303068227;0.029790338515479;0.03212905146834;0.0372647233084651;2.18600630843796;0.968738087364698;2.24382332412177;NA;NA;NA;NA;NA;NA;NA;NA;NA;NA;NA;NA;NA;NA;NA;NA;NA;NA;NA;NA;86.3887990948764
400974;2014;10;32.5113;NFLShelf;NA;0.251804356612705;NA;NA;14.0281742824268;0.115;0.015;0.3695;0.735;NA;NA;NA;NA;NA;NA;NA;NA;NA;NA;NA;NA;NA;NA;NA;NA;NA;NA;NA;NA;NA;NA;NA;NA;NA;NA;NA;NA;NA;NA;NA;NA;NA;NA;NA;NA;NA;NA;NA;NA;NA;NA;NA;NA;85.5459437368027
400972;2014;20;32.5647;NFLShelf;NA;0.00759433335206426;NA;NA;14.8941109665272;0.28;0.015;0.393;1.23;NA;NA;NA;NA;NA;NA;NA;NA;NA;NA;NA;NA;NA;NA;NA;NA;NA;NA;NA;NA;NA;NA;NA;NA;NA;NA;NA;NA;NA;NA;NA;NA;NA;NA;NA;NA;NA;NA;NA;NA;NA;NA;NA;NA;86.064107342527
400967;2014;30;32.6633;NFLShelf;NA;0.273002772395769;NA;NA;10.9108022196653;3.03;0.015;0.618;3.775;NA;NA;NA;NA;NA;NA;NA;NA;NA;NA;NA;NA;NA;NA;NA;NA;NA;NA;NA;NA;NA;NA;NA;NA;NA;NA;NA;NA;NA;NA;NA;NA;NA;NA;NA;NA;NA;NA;NA;NA;NA;NA;NA;NA;83.1043659641804
400965;2014;40;32.7773;NFLShelf;NA;0.231521677916661;NA;NA;5.77292714644352;4.865;0.065;0.711;6.195;NA;NA;NA;NA;NA;NA;NA;NA;NA;NA;NA;NA;NA;NA;NA;NA;NA;NA;NA;NA;NA;NA;NA;NA;NA;NA;NA;NA;NA;NA;NA;NA;NA;NA;NA;NA;NA;NA;NA;NA;NA;NA;NA;NA;72.2618790107434
400962;2014;60;32.9523;NFLShelf;NA;0.0250112936346091;NA;NA;0.597227355648536;7.605;0.08;0.852;8.43;NA;NA;NA;NA;NA;NA;NA;NA;NA;NA;NA;NA;NA;NA;NA;NA;NA;NA;NA;NA;NA;NA;NA;NA;NA;NA;NA;NA;NA;NA;NA;NA;NA;NA;NA;NA;NA;NA;NA;NA;NA;NA;NA;NA;59.5437546746447
407872;2015;2;34.82;CLB;1;0.00404753060084665;0.171789233425725;1.09649856707977;0.948028013485475;13.41;0.075;1.03;8.33;0.437873031564946;83.6666666666667;17.7142857142857;397.888668011057;14.6480437951133;5.93218920466441;1.88207437524524;15.6737566425778;14.5375936423375;0.519720692085132;0.589187522242172;0.0370149086998323;0.025858899325264;0.0283480260157411;0.017263681040696;1.69059886210637;0.027231869511253;0.028434484401646;0.0163703536760884;0.014983570225003;0.00445186215737338;1.15362315217563;0.9796768655258;3.01068142359442;25.3856606992475;27.369637492982;26.4028836340946;9.83394271549338;16.1183622704933;6.9038422653054;10.3745395184171;111.828733232883;31.4541271088738;19.9626070579954;6.87789330661322;40.8602441552618;3.28444286815424;14.175483872272;8.28207195297378;12.0552604664278;5.41479979245439;4.41140788493866;7.78262981415216;9.11009790202388;65.5658086449733
407869;2015;10;34.82;CLB;1;0.0148596005243393;NA;0.905596849542418;1.18138875526651;13.555;0.065;0.951;8.335;0.749649560682429;101.083333333333;17.3571428571429;267.755699444178;12.1973609009214;6.06739144841196;2.33710906949174;15.6039551755908;18.0068409292501;0.955325043064811;1.23767491545413;0.0172708906032182;0.0163157948416288;0.0311533022409636;0.0237137528712381;1.20805452234498;0.0291085205191394;0.031271003145204;0.0174212172412303;0.0170483184301278;0.00539027006677587;2.66849359450137;0.588556275868804;2.426184409056;17.1594763270678;14.8696653952909;23.4163641870734;6.30979204030026;15.1648519721352;3.52209689325741;5.67979671546291;79.3277265574352;19.9757352484756;8.60260765124545;6.9795342746145;22.5215778797678;1.89889180881593;7.95757466514409;8.94496222186011;4.8350746383611;4.05248023451296;4.13605082736466;6.52311508840803;5.8783248175845;67.2698412698413
407867;2015;20;34.8191;CLB;1;0.00929289195711781;NA;1.25997844316926;1.48767472885413;13.27;0.06;0.9355;8.36;0.684043692190447;NA;NA;NA;NA;NA;NA;NA;NA;NA;NA;NA;NA;NA;NA;NA;NA;NA;NA;NA;NA;NA;NA;NA;NA;NA;NA;NA;NA;NA;NA;NA;NA;NA;NA;NA;NA;NA;NA;NA;NA;NA;NA;NA;68.0721903199344
407863;2015;30;34.8191;CLB;1;0.00709039983712097;0.186920822881156;0.962702912058286;1.31265417251835;13.275;0.065;0.9935;8.285;0.472874910430754;91.00;18.5;360.133826212792;11.710459033124;5.71459011279044;NA;15.5341682609504;NA;0.169296707292357;1.3190164770018;0.0386601076794096;0.015940172731598;0.027470838408198;0.0156505741654124;1.62135799838612;0.0243855651625269;0.0391682869091847;0.0143161335806481;0.0144840676174139;0.0110660455365287;1.37177482336691;0.936743986270675;1.59334158212208;23.1833349660626;0;33.5628067934989;14.5652636166124;27.4926882840548;16.1825173648316;10.3208533365955;113.102963276079;15.4246622904205;7.66590452918859;9.32801000304228;35.9253080569516;3.25949283986056;11.4255432016269;9.6056587280078;9.05955682432588;4.80512041956012;4.27793369199367;5.29988370551867;5.64632428456036;64.7829143962032
407860;2015;40;34.8188;CLB;1;0.00440227625787892;NA;0.0828240410247873;1.50225977521544;13.275;0.07;1.461;8.32;0.282014251900815;NA;NA;NA;NA;NA;NA;NA;NA;NA;NA;NA;NA;NA;NA;NA;NA;NA;NA;NA;NA;NA;NA;NA;NA;NA;NA;NA;NA;NA;NA;NA;NA;NA;NA;NA;NA;NA;NA;NA;NA;NA;NA;NA;61.9453264152405
407857;2015;60;34.8181;CLB;1;0.0182752686317443;NA;0.128241484297339;1.51684482157676;13.385;0.065;0.9895;8.335;0.350079918522237;64.8333333333333;17.7857142857143;200.241749093419;15.283402875472;7.45974643268174;2.12056177542336;19.7793395897537;16.6622504179167;0.382424347188608;1.07085886088408;0.0207374340008893;0.0189913758670032;0.0265251317048308;0.0203350791647911;1.47308348408567;0.0310560004068395;0.0632045718750437;0.0164792161993609;0.015414137399803;0.0215210199637231;2.05315708725326;0.567108172974489;1.32932809374813;10.1237833641903;12.0176893319345;12.4130360910965;6.58175226860974;7.52817989876075;4.15354656251967;4.06122358194516;64.4768038004437;12.7206106217381;6.36620723908064;5.9532553658755;19.3012994346197;1.84031707107086;7.85076507577502;5.36432765200949;4.01798912962692;3.42370162257683;2.81896706635734;4.69585934343761;4.53243457175029;62.9924393155591
407968;2015;2;34.7427;CLB;1;0.0140912500011351;2.67062513684842;4.61618510126142;3.49984907373532;8.57;0.125;0.7245;7.195;0.2731092015414;NA;NA;137.235747953485;16.3676089187675;6.23505452823881;1.649066945087;17.4214839108248;14.819227949795;-0.514436992852483;0.974009577748468;0.0299088840505573;0.0164155937525687;0.022180724108808;0.0166489207982399;1.71954196468777;0.0303102285149029;0.0343906416687735;0.0155178573846519;0.0177347195986611;0.0252585347670175;0.758333851954883;0.844556024644605;2.28335792502852;7.87738568401823;9.26065436191522;5.74659790730332;3.06390439479718;3.90420136004678;2.48499340561442;3.62072212463299;49.8001816105987;2.3199470516398;5.51084517465685;3.05083399820056;13.397351350011;2.30095137673026;7.65265835944505;4.75859743258928;2.10068411570487;2.85016722788422;1.50776865993302;3.61016948146732;2.41713287629594;63.3884405102838
407965;2015;10;34.7425;CLB;1;0.0212919798115062;NA;0.120263681709072;5.23135335232017;8.62;0.125;0.735;7.195;0.162775092299824;115.833333333333;14.2857142857143;134.134910098703;16.8500359313374;5.92407071393882;1.59167199565928;17.2982142800904;14.3532021651795;-1.04853375496921;0.557834804385757;0.0318478649180409;0.0174028765579942;0.0170416244460692;0.0158202398644324;1.86202742699091;0.0256528425543752;0.00117913928338264;0.0122688909516635;0.0130711994423909;0.0020986182653485;0.94975062392186;0.946211994098903;11.7395843284278;7.75426341278978;9.34529511638247;6.76339392428934;2.3877407750072;5.36823724153331;3.01208856205074;4.03883494289571;48.4254660425751;4.06817687686271;5.69526540717715;0;13.7553198521411;2.99146316314119;7.85665609465812;4.8457595327757;1.80327765909447;0;0;3.61666694544565;2.40700454988291;63.5860542335362
407963;2015;20;34.7437;CLB;1;0.0194764186950519;NA;0.0181669225431627;5.48923696827961;8.585;0.135;0.7205;7.195;0.233428727079097;NA;NA;NA;NA;NA;NA;NA;NA;NA;NA;NA;NA;NA;NA;NA;NA;NA;NA;NA;NA;NA;NA;NA;NA;NA;NA;NA;NA;NA;NA;NA;NA;NA;NA;NA;NA;NA;NA;NA;NA;NA;NA;NA;63.5866983372922
407959;2015;30;34.7439;CLB;1;0.0162732627078902;2.23028525263211;0.0341703237419383;4.86294818666382;8.435;0.125;0.7245;7.15;0.359146558904931;99.1666666666667;17.1428571428571;142.605372924456;16.8486667440024;5.9280191849386;1.80113042955385;16.5063342961405;16.0843357516595;-0.594425745605058;0.918799297285363;0.030019457964032;0.0167098230548742;0.0223767760164593;0.016836176216642;1.76734606610955;0.0290529566704401;0.0101472918900154;0.0130202521290536;0.0126004789246263;0.0137728427481737;1.25225659726428;0.840812663034137;4.94925424807743;8.63943322399573;8.86610271796537;6.52823751469139;3.35432655587604;4.86494950632277;2.91056868728925;3.56669231268395;49.2298323041215;2.80066920425992;5.47647549529223;3.0135790636665;14.4423755803279;2.80754946872701;8.89610608195277;4.76638482786399;1.98617271786371;2.84497148777129;1.04640546852327;3.90900540105472;2.65553530420679;65.2490510496553
407956;2015;40;34.7446;CLB;1;0.0242490771768832;NA;0.0249605247921503;4.5313835375731;8.42;0.13;0.73;7.175;0.373061257230493;NA;NA;NA;NA;NA;NA;NA;NA;NA;NA;NA;NA;NA;NA;NA;NA;NA;NA;NA;NA;NA;NA;NA;NA;NA;NA;NA;NA;NA;NA;NA;NA;NA;NA;NA;NA;NA;NA;NA;NA;NA;NA;NA;64.0878291448666
407953;2015;60;34.7445;CLB;1;0.0256454598555114;NA;0.0357783062617797;4.53138353757311;8.495;0.125;0.733;7.19;0.38523661826536;155.833333333333;13.0714285714286;168.058617054343;15.2663857831424;6.48124701028739;2.04691592523827;17.3084015222777;16.6750107198646;0.23496836625048;1.27921940081836;0.0419336555360177;0.0183554096801142;0.0188796823731115;0.0141395840559379;2.08514436178622;0.026481771414934;0.0132887788824385;0.0135229382630093;0.0125040060240962;0.0127928293452922;1.17050306172068;0.903905819448704;4.94553399397962;9.70965555877784;10.0784713052171;8.60232918839175;3.24692037963422;7.4611447643147;2.94515949428223;3.48490937532847;55.7018566466747;8.72053390708648;4.97189986462618;3.19498455832002;14.6832405962144;2.12595505581184;9.38592564219635;5.89917634472557;2.48731303892083;3.18053737369281;1.35090027197007;5.14005741334081;5.68764627481614;65.3307345596297
408040;2015;2;34.1866;CLB;1;0.069657788843111;2.71660545644643;15.554785775889;8.87174583006465;0.14;0.06;0.2445;4.065;0;103.333333333333;9.28571428571429;260.933112056295;13.3745465038872;5.92965395791993;2.2179517579277;15.342492797848;17.2220530682747;0.886777143054385;1.37817712851035;0.0346865161022362;0.0174609222005907;0.0229516131239298;0.017653465463328;1.68057437108578;0.0446290368421127;0.067995725631564;0.0190790559590996;0.0167243854210663;0.0686952317997823;2.24899003022199;1.0522549669503;1.40937531332091;17.0072175033313;15.1511037053398;18.8913561774588;5.80925624536488;16.4975062924841;4.89854981678262;7.57684212622955;75.8310687601611;20.1168037499603;6.30388157826682;4.14385076235168;23.1269115803151;3.0632855041123;9.03971064852196;7.85159325122138;2.63690792443947;5.05802218064855;5.95813370719622;5.49816439495584;6.47294614715346;75.3569089718402
408037;2015;10;34.1877;CLB;1;0.0855299442118039;NA;0;10.5778507973848;0.24;0.05;0.252;4.085;NA;239.166666666667;7.14285714285714;189.999236550784;14.7363949647901;4.91222796147338;1.78725510142023;13.2639436189067;15.446223577247;0.0813587748512174;1.15998712053025;0.023115016713371;0.0178421130786913;0.0198690724085546;0.0195274449675759;1.68801374143374;0.0519703902251523;0.218765250236662;0.0224751918118835;0.0244219388514404;0.16034092560671;1.5895449474917;1.01056739518271;0.657894178912099;14.3244906650504;12.3006918552352;10.0644060505253;3.2807644959538;10.7188139438818;3.38866539758711;7.09012689293135;56.6156076944677;6.06241571330241;6.36042698572116;3.71825252798061;20.6833191192048;1.84832831929228;9.02891617943322;6.05025969668333;3.43463313880263;3.47179073271663;2.26519146396677;5.07038173202613;4.22175394602163;76.5822586212307
408035;2015;20;34.2047;CLB;1;0.0851571261351264;NA;0;10.4072403006528;1.09;0.065;0.283;4.36;NA;NA;NA;NA;NA;NA;NA;NA;NA;NA;NA;NA;NA;NA;NA;NA;NA;NA;NA;NA;NA;NA;NA;NA;NA;NA;NA;NA;NA;NA;NA;NA;NA;NA;NA;NA;NA;NA;NA;NA;NA;NA;NA;NA;75.7872024812892
408031;2015;30;34.4433;CLB;1;0.0497791643328716;2.0706232105021;0.0197264163272261;8.01869334640459;3.73;0.1;0.4705;5.93;0.913;90.8333333333333;10.7142857142857;261.063258880117;11.1760922143387;6.12524666417869;2.58007321216301;16.6855891216781;20.6861294175199;0.155737707848894;1.33874576990715;0.105485457900377;0.0147992295404371;0.0125735712524772;0.0125818691624118;1.86059177560419;0.0426108494542658;0.0681924297592442;0.0218530166492914;0.0114443387817572;0.0658608562463239;1.43912121097367;0.91056626532478;1.58562672852206;15.6460318527765;12.6202081409687;18.0733562483877;4.13415271037793;18.5618099350959;2.9007961559261;7.88384293474343;89.1979800917238;16.6513194207449;5.72089895001873;4.31430411623518;23.7748730008577;2.75597439173341;9.52151354292702;7.46806838315032;3.81542540652121;3.88030994515908;2.71311908099254;5.46449038225071;5.9647841895262;68.5884416543575
408028;2015;40;34.4659;CLB;1;0.0475192860386984;NA;0;4.97346973636073;6.415;0.11;0.609;6.21;NA;NA;NA;NA;NA;NA;NA;NA;NA;NA;NA;NA;NA;NA;NA;NA;NA;NA;NA;NA;NA;NA;NA;NA;NA;NA;NA;NA;NA;NA;NA;NA;NA;NA;NA;NA;NA;NA;NA;NA;NA;NA;NA;NA;67.8748928877464
408025;2015;60;34.4789;CLB;1;0.0487154843226353;NA;0;4.38402147131056;6.79;0.125;0.621;6.34;NA;84.1666666666667;12.8571428571429;211.073225669781;14.5291272039601;6.38072636459054;1.98272945835047;16.9321791281544;15.658930961414;0.468689425181517;1.57508574972318;0.0234245168358681;0.0177262170645733;0.016313850796915;0.0186653108530264;1.80928912025316;0.032486359130584;0.00473768088809971;0.0159417599463544;0.0173033477881277;0.00854878736349499;1.68590656385939;1.14144193134549;5.41136732551689;12.4658039625162;13.479414794656;12.7381746971592;4.06417284063398;11.1157897010475;4.153310840239;5.75909590940786;68.4721076636121;14.9210844798843;5.08573295250725;3.22954399128667;18.5731120490405;1.87625529972044;8.9701989755353;7.40505705184034;2.38134780176239;3.56067143398368;2.89104924257771;4.96654112748087;4.96476085488949;66.6834746733899
408063;2015;2;33.2902;GSS;1;0.0457950922358254;NA;8.12287953961733;3.97877578908858;4.445;0.07;0.499;4.77;0.00973085777930188;80.8333333333333;12.1428571428571;169.119640249933;15.990855071657;5.7775000949894;1.72089439183872;16.3112751380657;15.3108024557238;-0.716828562190453;0.93015640055685;0.0432465769567563;0.0161681324915807;0.0193920110433514;0.0184262392977831;1.52280829631414;0.0534286256175724;0.0104687261542549;0.0272312807192899;0.0249554731365978;0.0125169688316007;1.12623927744594;0.961277254709925;5.77779961368252;10.3682660502279;11.045772469405;9.06943485238412;3.51344182025272;5.44892961902434;2.80087503987282;4.92535625436494;60.8976004924389;4.2219819413534;6.99472666309426;3.02383872925896;16.9370721475727;2.05784864113391;9.68358724054398;5.50215483697486;2.38885557819764;2.91815602377585;1.39174374459543;3.67718267671558;2.25281542874543;74.0912139503689
408061;2015;10;33.3311;GSS;1;0.0660096529969702;NA;1.88968284561668;2.68935770929136;4.725;0.07;0.5105;4.75;NA;NA;NA;33.2366264520519;5.47035783514432;4.24794841092565;3.40301525230047;12.3908157912112;28.3603901998121;-0.458564635582704;0;NA;NA;NA;NA;NA;NA;NA;NA;NA;NA;NA;NA;NA;2.68235982296069;1.17193826382093;3.26604092953436;0.199533494746972;3.31695283318222;0.638688263977153;1.75400792602491;11.0003493016301;1.90003175636336;0;0;4.26447949540257;0.416818829840219;-0.191997623287584;0;1.87290701362639;0;0;0;0.944516144229603;79.4748663929982
408059;2015;20;33.3948;GSS;1;0.0496452674807927;NA;0.0220960418703544;3.35248700747279;5.7;0.06;0.5595;4.935;0.228908869571364;NA;NA;NA;NA;NA;NA;NA;NA;NA;NA;NA;NA;NA;NA;NA;NA;NA;NA;NA;NA;NA;NA;NA;NA;NA;NA;NA;NA;NA;NA;NA;NA;NA;NA;NA;NA;NA;NA;NA;NA;NA;NA;NA;78.9700894233734
408055;2015;30;33.4639;GSS;1;0.0318855470630852;NA;0.00103782038735195;2.50515512646318;6.84;0.085;0.627;5.105;0.47960544190639;151.666666666667;13.5714285714286;160.206914421005;15.0664289255136;5.38061965122909;1.82549889078268;15.0363265990859;16.6839875916157;-0.457185593364211;0.918829085340696;0.0399726270159162;0.0164896995523846;0.0192141239455558;0.0184913637839159;1.505301562091;0.0509439223355031;0.00423759265530218;0.021818391604166;0.0220573411641823;0.0110100575534042;1.33035976968423;0.750886663194418;7.08020444762081;10.6546577959237;9.60243548140222;9.5389929220833;2.20087211240939;7.92293534789109;2.48899115030072;5.33946223516063;54.3411610288965;1.92307157245275;6.06271091589285;2.88438665743835;15.0451616640675;2.31409425655016;9.84516215088682;4.66036665207624;2.02473971609721;3.03648558259678;2.47313771266187;4.3006387183365;3.54745074788045;77.1928397070789
408053;2015;40;33.5292;GSS;1;0.0258889835327036;NA;0.0595241901632096;1.67728033155123;7.89;0.08;0.676;5.465;0.551786784619393;NA;NA;NA;NA;NA;NA;NA;NA;NA;NA;NA;NA;NA;NA;NA;NA;NA;NA;NA;NA;NA;NA;NA;NA;NA;NA;NA;NA;NA;NA;NA;NA;NA;NA;NA;NA;NA;NA;NA;NA;NA;NA;NA;77.4232334443211
408050;2015;60;33.5341;GSS;1;0.0264483951053902;NA;0.238932292430525;1.54730169575667;7.925;0.11;0.683;5.39;0.290688343611075;81.6666666666667;16.4285714285714;132.935830548642;15.4585871344676;5.13305441523741;1.81750843911671;14.734401267027;16.213639655502;-0.700882910611649;0.748181220213028;0.0387070295458227;0.0169319554841693;0.0201619323535581;0.0185532060625599;1.45415700111498;0.050413613246833;0;0.0210248491068342;0.0226959475842049;0.00635057750893078;1.36892090679281;0.707302861964489;10.7660174811059;9.02213996615724;8.19901227442979;6.63084798623485;1.94862731561265;6.77732567815049;2.9740159226578;3.39112761765408;46.7960105060575;4.28534529832732;4.8889872557444;0;13.6123223881304;1.72661958933883;7.42834568558987;4.94967280180403;1.8683408034756;0;1.4601336569153;3.75108223400971;3.22587356835235;76.1360388682481
408231;2015;2;NA;CLB;1;0.0622654367737133;1.27743385551136;12.5871098270709;8.01869334640459;4.69;0.13;0.5055;6.91;0;92.5;11.4285714285714;416.730470190166;15.2268894639906;6.40521576346079;1.96648155985435;15.3754932719276;14.1853653684761;1.84018922753312;1.01564996917712;0.104349346141102;0.0154328216967592;0.0169971770955709;0.0138323988459818;1.92601861069584;0.0558690938979823;0.215366663346142;0.0301233261289822;0.0165215517069808;0.0948789415102886;1.8287609812609;0.843639135973259;0.660514824408517;27.1035512695406;29.3774928854676;49.8462039887884;17.9038682527644;18.2098627402552;6.50299835258702;9.85933603914945;90.5286508492272;36.2076696595001;11.6255796570781;19.8583847290809;33.0734606332823;3.09079248273168;9.67072856780591;9.66393063333293;3.20702065202642;5.28275227686397;12.571982502281;10.5134723049869;12.6327317134156;67.2470523718124
408230;2015;10;34.491;CLB;1;0.0743160558357949;NA;0;4.4208619878762;4.295;0.115;0.4595;6.13;NA;92.5;11.4285714285714;353.642518630455;12.7045185494323;5.70857080119557;2.19368858683886;14.3954608700422;16.5098267468176;1.64008117189284;1.94673580544457;0.0189431654920195;0.0173643072059929;0.0152728738762524;0.0206932103562093;1.38654681412884;0.0342467371020489;0.00261479453038996;0.0160710095700062;0.0184176851891669;0.00587178408834386;1.78361749985808;0.846728493842704;6.63128035736252;24.5662519472652;21.4201229397287;24.4083985313515;7.17699805485385;23.0429155859354;5.63408502723248;7.89776580832053;103.494067711338;32.1960548715418;5.93072875133091;4.15321379136608;23.7563731769581;3.2209948904248;10.6973733562707;11.7890115537644;5.9648241616069;6.02697654117499;10.265278778016;10.6474017641058;11.3536813878685;71.3425557324841
408229;2015;20;34.5002;CLB;1;0.078564879773838;NA;0;7.67747235294056;5.26;0.125;0.507;6.22;NA;NA;NA;NA;NA;NA;NA;NA;NA;NA;NA;NA;NA;NA;NA;NA;NA;NA;NA;NA;NA;NA;NA;NA;NA;NA;NA;NA;NA;NA;NA;NA;NA;NA;NA;NA;NA;NA;NA;NA;NA;NA;NA;NA;72.0478325859492
408227;2015;30;34.5134;CLB;1;0.0619017631610751;NA;0;5.41555593514834;5.52;0.115;0.5085;6.385;NA;93.1666666666667;13.5714285714286;NA;NA;NA;NA;NA;NA;NA;NA;0.0232079987461436;0.0173430823344431;0.01666419605061;0.0186845120436625;1.55806001012015;0.037608122012411;0.021717927641674;0.0207514855081551;0.0260221481712432;0.0241059301231066;0.979240935981939;1.1381932914748;2.94602038691769;174.687491663174;89.8916116504941;464.076940045618;58.7768360646355;511.042586584061;40.1358833693481;109.565829396523;686.086277106247;184.025002775778;40.1587743927228;58.2776832982479;273.506947033754;5.74931306115764;19.7333407407734;71.9469882077823;31.1876935362145;66.6842151458539;94.2780105884986;123.481795127389;121.919332666898;72.8062418725618
408226;2015;40;34.5479;CLB;1;0.0788862269847884;NA;0;7.16564086274452;4.165;0.11;0.4885;6.185;NA;NA;NA;NA;NA;NA;NA;NA;NA;NA;NA;NA;NA;NA;NA;NA;NA;NA;NA;NA;NA;NA;NA;NA;NA;NA;NA;NA;NA;NA;NA;NA;NA;NA;NA;NA;NA;NA;NA;NA;NA;NA;NA;NA;63.7360510868864
408224;2015;60;34.6189;CLB;1;0.0571284933534753;NA;0;6.8244198692805;7.92;0.11;0.6305;6.435;NA;96.6666666666667;15.7142857142857;239.269184165892;12.0118899871384;5.37995079410404;2.14969493888366;13.9268883729093;17.6292367705574;1.23588489873698;1.28154924257143;0.05732952429904;0.0170601764664364;0.0170476344611227;0.0153579866705729;1.93242395236972;0.0480132154760034;0.373434007276033;0.0260532923845958;0.0297128213850342;0.0596331963000299;1.15216514995478;1.06043072821917;0.444601290239668;17.1803763884056;13.572293984133;14.3644905143234;2.76270586546905;14.4527411007402;3.06529701995394;8.29729057806064;66.7256674712639;12.5923246184045;5.83838252776363;3.7403076700427;23.6160149254243;2.75205806879884;9.34045430557464;6.26473050389783;7.77395303488535;4.74434213598171;7.73940994653961;7.21020000010085;7.23614350612827;64.1477421038893
408276;2015;2;34.7113;CLB;1;0.0448019880917439;NA;5.79848546577443;5.12083180262326;4.445;0.145;0.564;6.62;0.560433532326394;115.833333333333;11.4285714285714;146.822997899499;15.9172179449912;5.43150780697899;1.65573719376914;15.3592853421318;15.2747681155905;-0.681618979301929;1.17764306816945;0.0260305111134542;0.0182230170669561;0.0190622457143558;0.01813739092969;1.77906947409694;0.0295205096147112;0.102780261807716;0.0160949451386896;0.0142502945434501;0.0112018403666529;0.978888598405354;0.899177502089097;1.21322524359134;9.55923369017382;9.61212614086374;7.13199036924512;3.1058832104241;6.19001222429378;2.82172173379418;4.43214338165449;52.5470212020147;2.96441630455536;4.23713748870026;0;15.5809438417605;2.2858065621675;7.83040548395101;4.71726662989065;2.58732250957526;2.9644332156709;1.01310384954202;3.80672924809907;3.43530081312249;60.5056575171891
408272;2015;10;34.7109;CLB;1;0.0919417990997634;NA;1.17246427328714;5.48923696827962;5.31;0.15;0.5655;6.75;1.82676790996459;99.1666666666667;12.1428571428571;154.691068226524;15.1983058860257;5.72033802157409;1.88328825399882;15.8228075882656;16.551216868631;-0.223611074587052;1.23180852887753;0.0321690197637595;0.0178468532110208;0.0168669717753383;0.0173005623105816;1.78275223968799;0.0340332719762967;0.111014383374312;0.0380497181404448;0.0261481889266887;0.0116058751785062;1.28687566438671;0.685211752832266;1.40486052392066;9.7764614379337;9.34620514336349;7.41190137833355;2.93607547662983;6.55519306313181;3.21897717095301;5.09240560202031;54.7520606443963;3.69504945018661;4.25493509841084;3.03160376303801;14.1590955608265;2.26906374599985;8.00916393648145;5.15369493862874;2.0921350366944;2.88262248030351;1.78203264491012;4.09583209784303;4.1765595564387;65.3288740245262
408270;2015;20;34.7433;CLB;1;0.0650254132115688;NA;0.0118947074412209;3.27880597434151;11.25;0.13;0.8465;7.635;0.847870970504666;NA;NA;NA;NA;NA;NA;NA;NA;NA;NA;NA;NA;NA;NA;NA;NA;NA;NA;NA;NA;NA;NA;NA;NA;NA;NA;NA;NA;NA;NA;NA;NA;NA;NA;NA;NA;NA;NA;NA;NA;NA;NA;NA;65.6292722155207
408265;2015;30;34.7589;CLB;1;0.028546757015674;NA;0.00625364168308711;2.57883615959445;11.985;0.135;0.8885;7.695;0.324064470452528;86.6666666666667;18.5714285714286;283.942212069766;14.2347701984744;6.57851034528026;2.146309625894;16.8587966355632;16.0053408106841;1.34220520594555;2.08004059728375;0.0206803720457685;0.0165338022059618;0.0220130568808989;0.0210358715496303;1.52294220045793;0.0272180641506129;0.0908223538144329;0.0111834229907645;0.0122483710244708;0.0188319434781201;1.32708084900793;0.485850902551964;1.12588840779037;16.8423771997342;17.7404664748048;16.1774347880765;6.02989121559536;14.7265996583943;7.46827564978006;5.81561204715817;90.5543280785008;27.2145871412059;4.3696396750622;3.42363485706128;19.6459716948942;2.83377908036773;9.17988804441569;10.5272773487946;3.56572420510137;4.45612610173484;8.40804583209007;6.63045655726581;8.33209641972794;72.0631536196568
408263;2015;40;34.7629;CLB;1;0.0180184738593131;NA;0.00677553538326444;1.86688593424832;13.025;0.12;1.00;7.825;0.0842886281600146;NA;NA;NA;NA;NA;NA;NA;NA;NA;NA;NA;NA;NA;NA;NA;NA;NA;NA;NA;NA;NA;NA;NA;NA;NA;NA;NA;NA;NA;NA;NA;NA;NA;NA;NA;NA;NA;NA;NA;NA;NA;NA;NA;71.9167769311493
408260;2015;60;34.7755;CLB;1;0.0443513017998966;NA;0.0175531408862474;2.72619822585699;12.03;0.11;0.874;8.055;1.35374406231571;257.5;18.5714285714286;167.890505117067;15.5318387669638;5.74894277515618;1.75388410532638;15.3375914737968;14.3614991847423;0.370239050986859;1.25897029124752;0.0300404740947406;0.0175416037454463;0.0195544636113254;0.0150633895260956;1.76478336373909;0.0256099475034096;0.113310697484586;0.0127568389676713;0.00845441839471468;0.0554407868616014;1.05261353445857;0.775734058423677;0.603806594364459;10.9463409169488;11.6903188836604;7.09208741457897;3.35476205230304;4.96138220261531;2.96685166304296;6.24587380872127;53.9729338202834;8.18751333880287;4.16342360889801;3.8207406785455;16.9696967675267;2.27138465309266;8.06454996081748;4.81260535197701;2.32371882710551;3.28862707974334;3.48937510387965;4.32820071260193;4.94011827192201;72.8779599271403
408396;2015;2;34.6698;LSS;0;0.02674772136288;0.484109671456995;1.60892677590781;0.84593268895627;13.005;0.11;0.8855;7.985;0;68.3333333333333;18.5714285714286;145.21691436977;15.8483172922466;5.81340748989917;1.82886354602227;16.1350905930851;15.9928044643162;-0.374641675976281;1.21928299175648;0.0450810530954199;0.0166311333831909;0.017674890956441;0.0199198912901808;1.3861560612388;0.0283412344183678;0.043700372014767;0.014471160570937;0.0140639636769075;0.0097217817432176;0.969149850341681;1.04244501448564;1.84741959702169;9.00006811439933;9.08014067787697;6.47387304962621;2.5423006567161;5.85565484570491;3.07974299169466;3.8910653801616;51.8038818509603;3.93632421829526;4.6688681440184;3.39101622646788;13.5348976924539;2.02672990553539;8.31225302504348;5.31170696494178;2.00037946160297;2.85212185651703;1.41319383417823;3.78723216593612;2.2554633076395;61.7235314808301
408392;2015;10;34.6713;LSS;0;0.0267668855439998;NA;1.56660255691225;0.948028013485475;13.12;0.115;0.887;7.975;0;73.3333333333333;20;146.735087370692;14.6389493374537;6.03437055645296;2.15897875308098;16.2201205712832;18.4561613161554;0.291842244130861;1.45562994692637;0.0182397403126905;0.0175129794494488;0.0238163976693466;0.0190321456172192;1.82683118352049;0.0317323134520258;0.118149486720156;0.0139529167766475;0.0137886521228291;0.068781069078807;0.978865414252716;0.654554668764885;0.80995635732779;9.04648561185653;7.95046623493958;7.15004428295896;2.75852961594502;8.18729483487412;2.19436577878893;4.95438129328889;48.1620882935056;5.03439300851177;4.08567216613066;3.40989409682013;13.1179003799373;1.80913221381555;8.5771134707905;5.38479733898077;1.68912375640252;3.19585644774166;2.98233906263456;4.05438728941313;2.99082219335563;60.0268608185481
408390;2015;20;34.6764;LSS;0;0.0310633124350417;NA;1.53144850009701;1.00636819893074;13.295;0.105;0.8825;7.97;0;NA;NA;NA;NA;NA;NA;NA;NA;NA;NA;NA;NA;NA;NA;NA;NA;NA;NA;NA;NA;NA;NA;NA;NA;NA;NA;NA;NA;NA;NA;NA;NA;NA;NA;NA;NA;NA;NA;NA;NA;NA;NA;NA;62.2649336283186
408386;2015;30;34.6857;LSS;0;0.0344973511756939;1.0073934880239;1.15187613252682;0.8751027816789;13.29;0.125;0.8975;8.195;0.0881754125767808;117.5;20;146.34408517424;15.6094019919;6.31595554812768;1.82581659569713;17.20173518956;15.9105835936162;-0.12408642104164;1.17626824452318;0.0202854635970423;0.0178483475292551;0.0143084664708253;0.0179616292748823;1.58900230993999;0.0313040119050845;0.0655609195763024;0.0114969208880077;0.0134934815693863;0.0279273753908419;0.767331388253398;0.761564418547763;1.29544377383125;8.50751878002742;9.19790806623571;6.38248147925208;3.13424802406591;6.8106952619594;2.37582399226799;3.49394946450066;48.9203831126427;3.90757716920254;4.29045451123057;2.99438416413096;14.8486662124254;2.60119892306926;8.13545646364602;4.99108574398283;2.87000416522789;3.11534734304316;1.98880026521539;3.8967551119272;3.88134692018675;61.4508958642058
408383;2015;40;34.687;LSS;0;0.0287563100602426;NA;0.432407602735376;0.977198106208105;13.285;0.135;0.901;8.1;0.00768805500846542;NA;NA;NA;NA;NA;NA;NA;NA;NA;NA;NA;NA;NA;NA;NA;NA;NA;NA;NA;NA;NA;NA;NA;NA;NA;NA;NA;NA;NA;NA;NA;NA;NA;NA;NA;NA;NA;NA;NA;NA;NA;NA;NA;60.6596249191636
408380;2015;60;34.6972;LSS;0;0.0318061525984461;NA;0.00690073121765009;1.064708384376;13.37;0.12;0.894;8.07;0;68.3333333333333;21.4285714285714;125.962688667753;14.7176564606729;5.84582051816869;1.78330128240564;16.1383429771835;16.3427418184248;-0.192317218417571;1.70236358363385;0.0228437311795083;0.020494869757126;0.0235925567629962;0.0171489782441336;1.84399081975101;0.0316912909541042;0.0524301335079069;0.0135145839916143;0.0129369490626369;0.0149615910341236;2.17676311241093;0.947873788175924;1.78066540413614;7.80518104280226;7.70756156263469;5.16338528220807;1.74499538843705;6.39588941371338;2.21834637632363;4.14828699187901;44.8626971451073;0.58789140865773;3.17711597775767;3.37844427834707;12.2159194603735;1.44536576595882;6.86785245935156;5.04385694669317;1.90935984553528;2.82528763982208;1.3863343664595;4.11312457744321;2.96579273824832;61.2088752869166
408491;2015;2;34.6726;CLB;1;0.0639809875384345;1.4559145333699;9.84988699806804;4.05245682221985;7.85;0.12;0.6985;7.6;0.148182982105012;96.6666666666667;15;246.311959222814;13.5220838626495;4.09040001706608;1.7030098179624;10.6526366152868;14.1515461584463;0.533964751865818;0.688759530379947;0.0172738939372885;0.0152965027170018;0.0234891549884118;0.0254066440556748;1.11313847320822;0.0331602837358996;0.0141461622751518;0.0103550821953606;0.0213411589456411;0.0205223247244728;1.46449688069641;1.06594262141141;2.36104241649851;23.1221591534766;17.405303736073;16.6052704641504;5.34710516422478;14.4038810503821;2.99629979782113;9.28551160152167;62.0927476208779;12.1931766023034;8.18351028091508;3.64144136175865;25.6098976295354;7.31374370352055;7.55780099172506;6.40952236805766;3.27362575432099;4.26435900844099;5.86963008046519;4.49731313498482;6.23965971825871;60.6762917933131
408488;2015;10;34.6751;CLB;1;0.0516374297371955;NA;2.25875812525152;3.27880597434151;9.085;0.11;0.7785;7.56;0.219784762194305;75.8333333333333;14.2857142857143;187.271966022825;13.2286651476215;4.42392801815976;2.0338699970229;11.7896398167773;17.4546612600639;0.208650137021167;1.19749926282285;0.0428138898575018;0.0178127051765371;0.0229428979396819;0.0118242781342197;2.33851463719167;0.0272190805138954;0.0178175121720483;0.012712618009805;0.0139560338675855;0.0210240647541927;2.12236558435766;0.990802881030672;2.37959670222918;15.8844518520682;10.7290518694454;13.9672607306596;4.0869743036095;11.8197909488835;2.6347627622338;7.13816418109624;54.7362558670675;6.44494522903026;3.83131574944633;3.4853196781527;18.7881402292607;3.39036422141092;7.32279236523826;5.40989249166614;2.38522053077112;3.23806394977798;2.66608970354478;4.67558348800876;4.63752587145309;58.352144469526
408486;2015;20;34.7037;CLB;1;0.0455286188602553;NA;0.101205045231037;2.0999094442412;10.84;0.1;0.8505;7.355;0.336842564965585;NA;NA;NA;NA;NA;NA;NA;NA;NA;NA;NA;NA;NA;NA;NA;NA;NA;NA;NA;NA;NA;NA;NA;NA;NA;NA;NA;NA;NA;NA;NA;NA;NA;NA;NA;NA;NA;NA;NA;NA;NA;NA;NA;54.8366964842937
408482;2015;30;34.7163;CLB;1;0.036473086991137;0.293220112416757;0;2.13674996080683;11.035;0.105;0.882;7.405;0.80695679138343;227.5;18.5714285714286;145.293747442752;13.3121401290991;5.48722312632765;2.13107071027059;14.8792863010561;18.7330101544125;0.107301425091364;1.45695765731091;0.0283825466422702;0.0165202966502926;0.0224229651967533;0.0189102575466649;1.60950878160108;0.0306721336998006;0.0448678174446024;0.0154845511628533;0.0184077815819496;0.0119964314482559;1.28152099071455;0.685425166190558;1.84612031999354;9.76483310442382;7.75602779505936;7.07754668783035;2.72391321990196;9.18174253711779;2.22206518744497;5.54898261382767;47.4009994770069;3.41638681456823;3.03100708073043;2.97392360668255;14.7833563135171;2.7040461733773;6.63970105599228;5.4602203201076;2.48463985070303;2.89550943355053;1.6191407292324;3.81402392054484;3.79568152113334;59.3889443015381
408479;2015;40;34.7265;CLB;1;0.0273783141797258;NA;0.00562165140887482;1.4585046361315;11.325;0.095;0.9175;7.455;0.787281966528345;NA;NA;NA;NA;NA;NA;NA;NA;NA;NA;NA;NA;NA;NA;NA;NA;NA;NA;NA;NA;NA;NA;NA;NA;NA;NA;NA;NA;NA;NA;NA;NA;NA;NA;NA;NA;NA;NA;NA;NA;NA;NA;NA;60.7879587431039
408476;2015;60;34.7613;CLB;1;0.012901144213819;NA;0;0.48718203985866;13.12;0.225;0.992;7.75;0.470696148405611;65.00;20;188.962767610508;10.5714563417442;5.84094739077982;2.8598485476549;15.1107776476954;23.4354526390521;1.06877316021692;1.72149252110058;0.0291636366120831;0.0174319335027743;0.018421886635663;0.0154689062088038;1.87976059830855;0.029355011925682;0.0312873143930648;0.0130790116184288;0.0143972269039149;0.00803414295983203;1.50852606431;0.70122282018316;2.34506943233582;12.5051649899254;8.06311576400392;16.8397548395227;3.33376094688736;11.8043600217143;1.82165242506941;6.89693720896428;55.3950538822743;10.1491043971322;3.63536372482882;2.9160445634927;18.499004714128;1.69215857021721;6.75758734413568;5.50955663914022;3.24797776068609;3.6617331477781;5.47076118641125;5.41294634048697;5.35072914370908;61.3558640112653
433132;2016;2;32.6466;NFLShelf;NA;0.0509282674634616;0.421517064169194;;3.33684609004739;5.18;0.095;0.705;7.18;0.174494002827772;74.2638888888889;9.86904761904762;NA;NA;NA;NA;NA;NA;NA;NA;0.0638211470762993;0.0159986191766801;0.0192203526824215;0.0171925975704744;1.47282683386179;0.0803768528909677;0.108910325901812;0.0289217485462966;0.033258017065666;0.0955588252166828;1.63083307827428;0.890443771842659;1.48846191269922;NA;NA;NA;NA;NA;NA;NA;NA;NA;NA;NA;NA;NA;NA;NA;NA;NA;NA;NA;NA;79.2796325341698
433128;2016;10;32.6628;NFLShelf;NA;0.0391557099695896;NA;;3.24150763033175;NA;NA;NA;NA;0.135388713873938;NA;NA;NA;NA;NA;NA;NA;NA;NA;NA;NA;NA;NA;NA;NA;NA;NA;NA;NA;NA;NA;NA;NA;NA;NA;NA;NA;NA;NA;NA;NA;NA;NA;NA;NA;NA;NA;NA;NA;NA;NA;NA;NA;78.0962071109604
433127;2016;20;32.7406;NFLShelf;NA;0.0209898578145426;NA;;0.767839290679305;NA;NA;NA;NA;0.182277094318583;NA;NA;NA;NA;NA;NA;NA;NA;NA;NA;NA;NA;NA;NA;NA;NA;NA;NA;NA;NA;NA;NA;NA;NA;NA;NA;NA;NA;NA;NA;NA;NA;NA;NA;NA;NA;NA;NA;NA;NA;NA;NA;NA;73.9372969919503
433126;2016;30;32.8618;NFLShelf;NA;0.0180817072615746;0.174081835948284;;0.915500692733017;NA;NA;NA;NA;0.108622472405537;76.8472222222222;11.8047619047619;NA;NA;NA;NA;NA;NA;NA;NA;0.0591194992986436;0.0156467014413026;0.0190124605551303;0.017417187240825;1.44648280032628;0.0716977703715284;0.0904355516223249;0.0242292598354901;0.0321333726745954;0.0278915165301068;1.54535477625495;0.729271961167345;1.71452286735178;NA;NA;NA;NA;NA;NA;NA;NA;NA;NA;NA;NA;NA;NA;NA;NA;NA;NA;NA;NA;71.5834301200155
433122;2016;40;32.9006;NFLShelf;NA;0.016458054266103;NA;;0.82690385150079;7.975;0.08;0.8485;8.33;0.0505340334741144;NA;NA;NA;NA;NA;NA;NA;NA;NA;NA;NA;NA;NA;NA;NA;NA;NA;NA;NA;NA;NA;NA;NA;NA;NA;NA;NA;NA;NA;NA;NA;NA;NA;NA;NA;NA;NA;NA;NA;NA;NA;NA;NA;68.6735272668341
433120;2016;60;33.2618;NFLShelf;NA;0.00435578616923729;NA;;0.106561066350711;8.92;0.08;0.863;8.105;0.00820160902409057;NA;NA;NA;NA;NA;NA;NA;NA;NA;NA;NA;NA;NA;NA;NA;NA;NA;NA;NA;NA;NA;NA;NA;NA;NA;NA;NA;NA;NA;NA;NA;NA;NA;NA;NA;NA;NA;NA;NA;NA;NA;NA;NA;64.1667598077568
433246;2016;2;32.9936;LSS;0.5;0.0137622224774603;1.10833727750504;3.97124373637373;0.915500692733017;8.465;0.095;0.7395;7.115;0.104260266623552;130.722222222222;12.4857142857143;NA;NA;NA;NA;NA;NA;NA;NA;0.0320755214003797;0.0171256730378633;0.0215051760779466;0.0179192821287453;1.67854708395896;0.0384868641748206;0.0286237209606617;0.0164191837587249;0.0174518893215367;0.0121187416031093;1.44933240263239;0.823264871449795;2.44142225631318;NA;NA;NA;NA;NA;NA;NA;NA;NA;NA;NA;NA;NA;NA;NA;NA;NA;NA;NA;NA;78.6339102922017
433242;2016;10;33.0109;LSS;0.5;0.01953199381265;NA;4.51267524737946;0.974565253554502;7.33;0.09;0.742;7.245;0.104817861132342;71.4888888888889;13.6619047619048;NA;NA;NA;NA;NA;NA;NA;NA;0.0274899083921634;0.0170407807567721;0.0202194183768646;0.0190853556685541;1.50293664330968;0.0398346697091723;0.0260786026161138;0.0162242229017124;0.017603446812502;0.0160217349702834;2.30951476461219;1.01626503076263;2.75833494381619;NA;NA;NA;NA;NA;NA;NA;NA;NA;NA;NA;NA;NA;NA;NA;NA;NA;NA;NA;NA;79.1725714285714
433240;2016;20;33.11;LSS;0.5;0.00691108087779868;NA;1.66066686029134;1.00409753396524;8.465;0.1;0.733;7.085;0.0947811599741312;NA;NA;NA;NA;NA;NA;NA;NA;NA;NA;NA;NA;NA;NA;NA;NA;NA;NA;NA;NA;NA;NA;NA;NA;NA;NA;NA;NA;NA;NA;NA;NA;NA;NA;NA;NA;NA;NA;NA;NA;NA;NA;NA;79.3546694648478
433238;2016;30;33.8465;LSS;0.5;0.0147130400676339;1.26177402029057;0.358107064424191;1.12222665560821;9.93;0.095;0.752;6.75;0.172631518607796;75.6611111111111;14.0833333333333;NA;NA;NA;NA;NA;NA;NA;NA;0.0278919717384659;0.0166292839544766;0.0215283790599863;0.0177513992422798;1.5774549390599;0.0312207202547638;0.0177520695975679;0.0131875753624888;0.0153557418694668;0.0107541426812922;1.62199999283419;0.882188767914938;2.87522626540302;NA;NA;NA;NA;NA;NA;NA;NA;NA;NA;NA;NA;NA;NA;NA;NA;NA;NA;NA;NA;80.5423766879088
433234;2016;40;34.1167;LSS;0.5;0.0162131641930632;NA;0.089527616229943;1.3880171793049;10.585;0.105;0.7745;7.095;0.0887962402257627;NA;NA;NA;NA;NA;NA;NA;NA;NA;NA;NA;NA;NA;NA;NA;NA;NA;NA;NA;NA;NA;NA;NA;NA;NA;NA;NA;NA;NA;NA;NA;NA;NA;NA;NA;NA;NA;NA;NA;NA;NA;NA;NA;78.8701614445325
433231;2016;60;34.4538;LSS;0.5;0.0212160412024997;0.141050487146829;0.0139125732419632;0.915500692733017;12.655;0.1;0.8985;7.39;0.0532075224880945;71.6194444444445;15.7785714285714;NA;NA;NA;NA;NA;NA;NA;NA;0.0258726395555515;0.016785006186976;0.0214656778973131;0.01769792409388;1.6621583687148;0.0317726490019283;0.0219790892468521;0.0119253841578882;0.0162108248278858;0.00475682562088384;1.55680021097439;0.8780400174779;2.43512074924669;NA;NA;NA;NA;NA;NA;NA;NA;NA;NA;NA;NA;NA;NA;NA;NA;NA;NA;NA;NA;74.7117539213689
433318;2016;2;34.5837;CLB;0.5;0.0131299862560151;1.8322030869676;66.127032133807;1.71287226382306;10.345;0.11;0.808;7.505;0;73.3777777777778;16.1452380952381;NA;NA;NA;NA;NA;NA;NA;NA;0.0152469146805926;0.0169607012119336;0.0352480716302361;0.0222142325049817;1.41055572540029;0.0272825934949553;0.0558311931713196;0.0121421541146914;0.0112520199765848;0.0390790856104898;1.9453444612901;0.944076989606689;1.1854594201902;NA;NA;NA;NA;NA;NA;NA;NA;NA;NA;NA;NA;NA;NA;NA;NA;NA;NA;NA;NA;77.6623765339719
433314;2016;10;34.5866;CLB;0.5;0.00761803592541477;NA;NA;1.32895261848341;10.335;0.11;0.7995;7.5;0;84.9444444444444;19.9833333333333;NA;NA;NA;NA;NA;NA;NA;NA;0.0308039446428009;0.0162083409366928;0.0245028101094538;0.0165038972850148;1.73115931073819;0.0308257760575361;0.0213771328925461;0.0123535487609116;0.0126702072361191;0.0222692271784637;0.994849287569378;0.582964623148471;2.46147865659647;NA;NA;NA;NA;NA;NA;NA;NA;NA;NA;NA;NA;NA;NA;NA;NA;NA;NA;NA;NA;77.5197657393851
433312;2016;20;34.6117;CLB;0.5;0.0135380659989479;NA;NA;1.62427542259084;10.76;0.11;0.8095;7.59;0;74.8666666666667;16.3904761904762;NA;NA;NA;NA;NA;NA;NA;NA;0.0298881247818473;0.0218991150672745;0.0239873175905714;0.0152271491861707;1.92796889834013;0.0261871261655031;0.0349226648743018;0.0118766696971096;0.0120904990798369;0.0269122807294454;2.15900318714017;0.819513740340293;1.60574429531664;NA;NA;NA;NA;NA;NA;NA;NA;NA;NA;NA;NA;NA;NA;NA;NA;NA;NA;NA;NA;75.3715429283816
433310;2016;30;34.7488;CLB;0.5;0.00847689188337811;0.812790308051056;0.186642166102746;1.1812912164297;12.1;0.095;0.901;7.87;0;57.3527777777778;15.6190476190476;NA;NA;NA;NA;NA;NA;NA;NA;0.0227362331049664;0.0162380069868321;0.0319783388013477;0.0232846118802077;1.30140449938346;0.0436512161309238;0.0386769943318952;0.0127181157600415;0.0144027814177779;0.0529509802763137;1.29815444167824;0.937473536453823;1.89276921428237;NA;NA;NA;NA;NA;NA;NA;NA;NA;NA;NA;NA;NA;NA;NA;NA;NA;NA;NA;NA;70.3379274319926
433306;2016;40;34.7704;CLB;0.5;0.00680926621356593;NA;NA;0.94503297314376;12.44;0.11;0.9275;7.955;0;59.3111111111111;16.5452380952381;NA;NA;NA;NA;NA;NA;NA;NA;0.0210477866083373;0.021325062795588;0.0218740188385036;0.0168632477212326;1.76628406131888;0.0281509199671466;0.0185693258714702;0.0117022767750417;0.0129543101993604;0.00904416648685692;1.41002368101542;0.791625444776246;2.82718905543901;NA;NA;NA;NA;NA;NA;NA;NA;NA;NA;NA;NA;NA;NA;NA;NA;NA;NA;NA;NA;68.4728627172756
433303;2016;60;34.7989;CLB;0.5;0.00596601088963826;0.821859767738289;NA;0.644893576619273;13.18;0.1;0.958;8.17;0;56.4;16.3928571428571;NA;NA;NA;NA;NA;NA;NA;NA;0.0249137840555739;0.0215891602587292;0.0122919114741582;0.0170619871799904;1.88725894081164;0.0349993162252328;0.0391693059216466;0.0127675081717578;0.0144433527248901;0.0358455371778815;0.933038021481479;0.89522799105141;1.65595827148271;NA;NA;NA;NA;NA;NA;NA;NA;NA;NA;NA;NA;NA;NA;NA;NA;NA;NA;NA;NA;65.1036499399509
433442;2016;2;34.7683;CLB;0;0.00975691082276577;0.824600184556688;1.16153447384273;0.512121369668247;11.64;0.14;0.8775;7.215;0.445695113669457;64.1666666666667;16.052380952381;NA;NA;NA;NA;NA;NA;NA;NA;0.0309624781973991;0.0165354762905636;0.0217868679845471;0.0162789134370919;1.396577517563;0.0317664479796406;0.198975540401083;0.0112645851524605;0.0161242901323159;0;1.60930063135895;0.833756269466815;0.48855405090439;NA;NA;NA;NA;NA;NA;NA;NA;NA;NA;NA;NA;NA;NA;NA;NA;NA;NA;NA;NA;62.3187075454379
433438;2016;10;34.7685;CLB;0;0.0104173887935064;NA;NA;0.531088827804107;11.56;0.125;0.877;7.125;0.4556687634567;63.7055555555556;16.347619047619;NA;NA;NA;NA;NA;NA;NA;NA;0.0224444663787491;0.021834630067078;0.0225467584314944;0.016956710555484;1.57443677159304;0.0299436778550821;0.0290741487540518;0.0140479990587623;0.0141429721413826;0.0294678764253077;1.18636665546329;0.786076361239761;1.95804842173712;NA;NA;NA;NA;NA;NA;NA;NA;NA;NA;NA;NA;NA;NA;NA;NA;NA;NA;NA;NA;63.4527741773634
433436;2016;20;34.7692;CLB;0;0.00820974117630587;NA;NA;0.502637640600316;11.8;0.13;0.867;7.155;0.458478242270008;75.3527777777778;18.2690476190476;NA;NA;NA;NA;NA;NA;NA;NA;0.0320157887241699;0.0176320974888997;0.019035976441531;0.0142501587334052;1.78194540594881;0.0298856861987316;0.0302734520464456;0.0131227558830073;0.0134356974592152;0.0272511978637162;1.29224742876511;0.902202841321331;2.0448749937539;NA;NA;NA;NA;NA;NA;NA;NA;NA;NA;NA;NA;NA;NA;NA;NA;NA;NA;NA;NA;62.7973785797648
433434;2016;30;34.7698;CLB;0;0.0105915898582892;0.343937559811553;0.0160661309030877;0.58799120221169;11.135;0.125;0.891;7.035;0.384157691960194;59.1972222222222;15.95;NA;NA;NA;NA;NA;NA;NA;NA;0.0196225315689842;0.017387573360112;0.0236568097883149;0.0177115425100475;1.41995117774025;0.0303482473121831;0.0363516895609448;0.0126953291176311;0.0132658923003449;0.0227340310636705;1.408035118655;0.966630321629966;1.8246700767793;NA;NA;NA;NA;NA;NA;NA;NA;NA;NA;NA;NA;NA;NA;NA;NA;NA;NA;NA;NA;63.6340392892146
433430;2016;40;34.77;CLB;0;0.0175827491785787;NA;NA;0.559540015007899;11.335;0.155;0.8795;7.08;0.407911658788546;57.9361111111111;15.8738095238095;NA;NA;NA;NA;NA;NA;NA;NA;NA;NA;NA;NA;NA;0.0318460533894603;0.0542122217289994;0.0130618144359874;0.0138722048219248;0.0467708319645473;1.5657242797378;0.84121802597862;1.31148954792964;NA;NA;NA;NA;NA;NA;NA;NA;NA;NA;NA;NA;NA;NA;NA;NA;NA;NA;NA;NA;64.0406715939676
433427;2016;60;34.7722;CLB;0;0.0131880938807633;0.808069814400812;NA;0.58799120221169;11.425;0.145;0.8835;7.13;0.428633204319662;59.2;16.8071428571429;NA;NA;NA;NA;NA;NA;NA;NA;0.0189827361925699;0.0172527087964101;0.0252694747099329;0.0187672628173117;1.45145959648352;0.0288753721856291;0.0160948651454627;0.0123823476042953;0.0138544154882088;0.00896669920369578;1.03673678665735;0.690471402661056;3.46034233281497;NA;NA;NA;NA;NA;NA;NA;NA;NA;NA;NA;NA;NA;NA;NA;NA;NA;NA;NA;NA;63.725996727805
433569;2016;2;32.9558;GSS;1;0.109707142483806;2.7837556927148;15.3291877828929;6.76903063981043;3.49;0.11;0.465;3.945;0;73.2944444444445;9.95476190476191;NA;NA;NA;NA;NA;NA;NA;NA;0.0527044158183616;0.016286875337018;0.0184070252309433;0.0167561567196389;1.64378715067445;0.0543589621110552;0.0104237454321933;0.0198478874730466;0.023560144424899;0.0117507209212859;1.24853619144879;0.858899899353765;5.61251099706321;NA;NA;NA;NA;NA;NA;NA;NA;NA;NA;NA;NA;NA;NA;NA;NA;NA;NA;NA;NA;83.0690425589886
433565;2016;10;32.9659;GSS;1;0.0691779609110575;NA;12.4826352520235;5.52963066350711;3.515;0.115;0.4315;2.94;0;79.2583333333333;9.76666666666667;NA;NA;NA;NA;NA;NA;NA;NA;0.0561563653471097;0.0164229236924149;0.0176047711705381;0.0162069615277074;1.6973376969969;0.0553001333681193;0.0208453419768223;0.0212440544083113;0.0246765354268079;0.0175835482325459;1.71494998631306;0.883841389175291;3.8174454253462;NA;NA;NA;NA;NA;NA;NA;NA;NA;NA;NA;NA;NA;NA;NA;NA;NA;NA;NA;NA;81.3613835284193
433563;2016;20;33.0688;GSS;1;0.0512290980286011;NA;0.911588321075329;2.76481533175356;5.475;0.11;0.5585;4.495;0;76.0833333333333;11.4857142857143;NA;NA;NA;NA;NA;NA;NA;NA;0.0490103888943253;0.0160591278382879;0.0195027594319804;0.0176664176001861;1.54643838777556;0.0554386393615393;0.0286127592897402;0.0198221757854426;0.0241355506667155;0.0182296148940125;1.76040999974768;0.763657399679348;3.20328437207899;NA;NA;NA;NA;NA;NA;NA;NA;NA;NA;NA;NA;NA;NA;NA;NA;NA;NA;NA;NA;77.7501994504033
433561;2016;30;33.1013;GSS;1;0.031155028681176;3.21643225282048;0.0583355513897523;2.19278457345972;5.945;0.1;0.598;4.545;0.0827920107817399;78.4305555555556;11.6904761904762;NA;NA;NA;NA;NA;NA;NA;NA;0.0400138206229292;0.0164676265105383;0.018959050431699;0.0185187432107727;1.48061127442805;0.0569375273250903;0.0206239118766499;0.0203907945492439;0.0240896476746392;0.0198273995240433;1.50779406420582;0.893043088352953;3.81325434028809;NA;NA;NA;NA;NA;NA;NA;NA;NA;NA;NA;NA;NA;NA;NA;NA;NA;NA;NA;NA;78.873508353222
433557;2016;40;33.1083;GSS;1;0.0375812877613802;NA;0.0163794467040486;1.91959822669826;5.925;0.11;0.6055;6.095;0.107159935530986;71.0805555555556;11.7190476190476;NA;NA;NA;NA;NA;NA;NA;NA;0.0385125809591278;0.0167127547086577;0.0187494015223551;0.018888348593103;1.47527662391986;0.056438368670302;0.0263432317335103;0.0200750535867893;0.0240311681045614;0.0149885450636709;1.75978333990872;0.86844916847908;3.70147238690439;NA;NA;NA;NA;NA;NA;NA;NA;NA;NA;NA;NA;NA;NA;NA;NA;NA;NA;NA;NA;77.7889245585875
433554;2016;60;33.1088;GSS;1;0.0324085684319974;4.17306189823957;0.0189387352515561;1.949130507109;5.965;0.125;0.5945;4.615;0.607217208202128;76.5083333333333;11.7595238095238;NA;NA;NA;NA;NA;NA;NA;NA;0.0381881473680943;0.0166254566220164;0.0184523972368831;0.0190736118149092;1.42568725799311;0.057467163999622;0.0251364999233365;0.0225225239549292;0.0261400599592166;0.0194444162221936;1.38422915409648;0.745991197165674;3.59221176859405;NA;NA;NA;NA;NA;NA;NA;NA;NA;NA;NA;NA;NA;NA;NA;NA;NA;NA;NA;NA;74.5830553702468
433643;2016;2;34.6113;CLB;0;0.0456672237263297;2.69689216505378;2.12898991629366;0.521605098736177;9.165;0.145;0.794;6.75;0.64072831995565;62.2916666666667;14.9142857142857;NA;NA;NA;NA;NA;NA;NA;NA;0.0533851006839349;0.016602254374393;0.017958840718834;0.0125467698764124;2.10873074058031;0.0314258285726923;0.0138987114816965;0.0136744199749035;0.0148849904592331;0.00874826265118116;1.55223038739276;0.79888317344029;3.79582025438557;NA;NA;NA;NA;NA;NA;NA;NA;NA;NA;NA;NA;NA;NA;NA;NA;NA;NA;NA;NA;64.6711247921311
433639;2016;10;34.6113;CLB;0;0.0392608117572825;NA;NA;0.436251537124803;9.21;0.145;0.807;6.79;0.652590085919013;56.5861111111111;14.5880952380952;NA;NA;NA;NA;NA;NA;NA;NA;0.0332492152836296;0.0167793265041333;0.0222880452565696;0.0150120464654661;1.71382068754866;0.0298170659813297;0.00981264648862028;0.0130950391798776;0.0140851473709219;0.0077514481805384;1.92974275270443;0.896155575045076;4.31395824511647;NA;NA;NA;NA;NA;NA;NA;NA;NA;NA;NA;NA;NA;NA;NA;NA;NA;NA;NA;NA;64.9312231918355
433637;2016;20;34.6294;CLB;0;0.0209308789265326;NA;NA;0.417284078988942;9.775;0.145;0.8155;7.105;0.736904800739674;55.575;14.4571428571429;NA;NA;NA;NA;NA;NA;NA;NA;0.0319435624637278;0.0177101167169627;0.0181472663491242;0.0145582911227728;1.83315788380665;0.0349082716825845;0.0473288138599789;0.012904154954422;0.013966949590535;0.0514026939097459;1.26364041260194;0.745952439645066;1.43545423867874;NA;NA;NA;NA;NA;NA;NA;NA;NA;NA;NA;NA;NA;NA;NA;NA;NA;NA;NA;NA;65.3374004910349
433635;2016;30;34.6455;CLB;0;0.0449575778370879;1.45534085229157;0.610184050243697;0.37934916271722;10.065;0.175;0.829;6.855;0.686572442462701;55.7194444444444;14.5333333333333;NA;NA;NA;NA;NA;NA;NA;NA;0.0224132852209521;0.0169508685711971;0.019319989985855;0.0191789456796926;1.5391437653821;0.0321690399107115;0.0216443603108279;0.0134475011814133;0.0151633586013735;0.0101393409325053;1.22099076219561;0.647115212720417;2.9616989970525;NA;NA;NA;NA;NA;NA;NA;NA;NA;NA;NA;NA;NA;NA;NA;NA;NA;NA;NA;NA;64.6914223993445
433631;2016;40;34.7113;CLB;0;0.0254925382329823;NA;NA;0.360381704581359;11.145;0.145;0.868;7.085;0.40429447136159;55.2444444444444;15.0285714285714;NA;NA;NA;NA;NA;NA;NA;NA;0.028322202298707;0.0174899760864132;0.0236978679769873;0.0148691618579776;1.82090952512456;0.0336907510772331;0.0459424844921229;0.0120139862610706;0.0135078115978609;0.0457427210016809;1.46315384698414;0.706637155018704;1.44775368863014;NA;NA;NA;NA;NA;NA;NA;NA;NA;NA;NA;NA;NA;NA;NA;NA;NA;NA;NA;NA;63.4119064005506
433628;2016;60;34.852;CLB;0;0.00693395080040531;0.577314731691361;NA;0.256060684834123;12.6;0.15;0.96;7.58;0.175234152960973;53.5166666666667;15.952380952381;NA;NA;NA;NA;NA;NA;NA;NA;0.0217666379177674;0.0173781413809953;0.024302822636085;0.0166965315394627;1.6613207068603;0.0480034454686564;0.143801423298445;0.00842339686921406;0.00925534619745659;0.170587089514874;1.15351029535121;0.707051446144236;0.598264728783341;NA;NA;NA;NA;NA;NA;NA;NA;NA;NA;NA;NA;NA;NA;NA;NA;NA;NA;NA;NA;61.013270494853
433731;2016;2;34.6476;CLB;0;0.0128193118093933;1.14579482078701;4.80477484039625;1.44708174012638;11.8;0.105;0.883;7.76;0.0591097120048469;54.3416666666667;14.5309523809524;NA;NA;NA;NA;NA;NA;NA;NA;0.0252419612828602;0.0168519648733764;0.0218229963691476;0.0168463681451994;1.56023781371344;0.0305553506575059;0.140817966834905;0.0121590434050698;0.00972953766181612;0.0995086320146891;1.27699220395686;0.892024952871959;0.54779761857919;NA;NA;NA;NA;NA;NA;NA;NA;NA;NA;NA;NA;NA;NA;NA;NA;NA;NA;NA;NA;72.6017357762777
433727;2016;10;34.6501;CLB;0;0.0151553786033081;NA;2.15942433669601;1.41754945971564;11.775;0.115;0.872;7.6;0.0541642226644399;NA;NA;NA;NA;NA;NA;NA;NA;NA;NA;NA;NA;NA;NA;NA;NA;NA;NA;NA;NA;NA;NA;NA;NA;NA;NA;NA;NA;NA;NA;NA;NA;NA;NA;NA;NA;NA;NA;NA;NA;NA;NA;NA;65.2609031533113
433725;2016;20;34.6499;CLB;0;0.0221893139070893;NA;0.0992767898937913;1.47661402053712;12.02;0.1;0.8775;8.91;0.0729889885408277;56.5833333333333;14.9833333333333;NA;NA;NA;NA;NA;NA;NA;NA;0.0285136571089818;0.0166880205520882;0.0205306115680473;0.0166682068171552;1.7483190568316;0.0334519150291891;0.101584265229378;0.0136505818485362;0.0119172403644311;0.113477121608433;1.78821607852536;0.962132310684708;0.736995138487827;NA;NA;NA;NA;NA;NA;NA;NA;NA;NA;NA;NA;NA;NA;NA;NA;NA;NA;NA;NA;66.100295796932
433723;2016;30;34.6513;CLB;0;0.019893924893168;1.47743217988985;0.026669862157815;1.44708174012638;9.995;0.105;0.888;7.655;0.244485796313004;55.3194444444444;14.8047619047619;NA;NA;NA;NA;NA;NA;NA;NA;0.0239135531948521;0.0177292240630895;0.0186162047833497;0.0168458237835408;1.73914290841617;0.0289247904900223;0.0655914946557587;0.0123898515462202;0.0111712833689774;0.053976652202361;2.08272743539081;0.961660053684451;1.11439441773219;NA;NA;NA;NA;NA;NA;NA;NA;NA;NA;NA;NA;NA;NA;NA;NA;NA;NA;NA;NA;66.1693280687655
433719;2016;40;34.6511;CLB;0;0.0193252661320338;NA;0.0314488547988107;1.56521086176935;10.24;0.1;0.8835;7.765;0.159827527173995;53.5694444444444;14.2952380952381;NA;NA;NA;NA;NA;NA;NA;NA;0.0238265626271488;0.0170068246062247;0.0244697054235942;0.0173624097803357;1.63942023837982;0.0252620451515932;0.0138003363058266;0.0119616528643955;0.0130445065260446;0.00152684198689086;2.30963777882108;0.706922126691091;3.95735093273313;NA;NA;NA;NA;NA;NA;NA;NA;NA;NA;NA;NA;NA;NA;NA;NA;NA;NA;NA;NA;66.4420626331041
433716;2016;60;34.6774;CLB;0;0.0101901989677699;NA;0.0134215055097884;1.09269437519747;10.585;0.115;0.911;8.4;0.142385371220732;57.6222222222222;15.6333333333333;NA;NA;NA;NA;NA;NA;NA;NA;0.0324611819351371;0.0168439852565628;0.0159409872844007;0.015547925774961;1.7689353078532;0.0261428134431945;0.0140823254052619;0.0117406605584067;0.0132032835544681;0.00602116591091965;0.942408102679015;0.808867286911801;3.74648524586514;NA;NA;NA;NA;NA;NA;NA;NA;NA;NA;NA;NA;NA;NA;NA;NA;NA;NA;NA;NA;65.0971283783784
433946;2016;2;32.4796;LSS;1;0.0184471497227854;1.54180190828658;1.39409673347806;0.94503297314376;NA;NA;NA;NA;0.195928142152585;106.277777777778;12.2357142857143;NA;NA;NA;NA;NA;NA;NA;NA;0.0618565517162419;0.0164334681180845;0.0215294153772798;0.0166257520537659;1.55784428313506;0.0734710859155911;0.0367210009048878;0.0273228925436984;0.031824010000744;0.0145144526712595;1.56123660686914;0.764229753524665;3.42002910440366;NA;NA;NA;NA;NA;NA;NA;NA;NA;NA;NA;NA;NA;NA;NA;NA;NA;NA;NA;NA;79.8524262131065
433942;2016;10;32.4812;LSS;1;0.0191406515920631;NA;1.41931922681554;0.94503297314376;5.95;0.045;0.832;8.85;0.0671279804046487;NA;NA;NA;NA;NA;NA;NA;NA;NA;NA;0.0692919210589548;0.0160306842118311;0.0197520494405147;0.0164000143359944;1.62702519397032;0.0746218718573291;0.0492973380584873;0.026630761363266;0.0316129997514026;0.0285470633720325;1.5121230878518;0.680178637890397;2.38452407915124;NA;NA;NA;NA;NA;NA;NA;NA;NA;NA;NA;NA;NA;NA;NA;NA;NA;NA;NA;NA;77.9877905611646
433940;2016;20;32.486;LSS;1;0.0211815285216516;NA;0.896122762613379;0.915500692733017;5.975;0.04;0.8245;9.09;0.0704941469427653;79.8388888888889;12.4952380952381;NA;NA;NA;NA;NA;NA;NA;NA;0.0665234880574327;0.0459169303242035;0.0213193984350035;0.017877854314357;1.7113283473122;0.0748185913753976;0.0541400626726933;0.0264712931502086;0.0316401725261942;0.0235767193843341;1.46510935180219;0.76091211386514;2.89673891556981;NA;NA;NA;NA;NA;NA;NA;NA;NA;NA;NA;NA;NA;NA;NA;NA;NA;NA;NA;NA;78.451411744327
433938;2016;30;32.5996;LSS;1;0.0295142837200079;NA;0.0782233124455029;0.767839290679305;6.115;0.07;0.852;8.965;0.0508286476937682;96.4722222222222;14.9904761904762;NA;NA;NA;NA;NA;NA;NA;NA;0.0952212657094607;0.0157655978328686;0.0193570339477424;0.0136468256678021;1.72451710705471;0.0733869102088467;0.0396439188329711;0.0261048718282916;0.0315940985974203;0.0159201236559862;1.80280124389248;0.757282330379161;3.41555101726967;NA;NA;NA;NA;NA;NA;NA;NA;NA;NA;NA;NA;NA;NA;NA;NA;NA;NA;NA;NA;77.6513563686448
433934;2016;40;32.8174;LSS;1;0.0118564051722575;NA;0.0119689159772984;0.663861034755134;6.7;0.05;0.864;9.055;0;NA;NA;NA;NA;NA;NA;NA;NA;NA;NA;0.0677952080556931;0.0205869360645418;0.0226728385728622;0.0171562031678336;1.59254545563218;0.0742764631171797;0.0224320597271792;0.0260986921723668;0.0322084163613164;0.0147042228146027;1.66625465308678;0.805907874094411;4.36553442054338;NA;NA;NA;NA;NA;NA;NA;NA;NA;NA;NA;NA;NA;NA;NA;NA;NA;NA;NA;NA;73.4312416555407
433931;2016;60;33.2203;LSS;1;0.00562314432339293;0.285704369062456;0.00178997492659825;0.38883289178515;7.785;0.025;0.8835;8.59;0.011497649195774;72.3833333333333;13.8309523809524;NA;NA;NA;NA;NA;NA;NA;NA;0.0689347677977636;0.0180015662124457;0.0203712952237911;0.0161639736983722;1.63492418485397;0.0731639454352378;0.022066305553778;0.0243873578019195;0.0317151209513402;0.014846506214663;1.3313137750161;0.803426912399069;4.30921949936609;NA;NA;NA;NA;NA;NA;NA;NA;NA;NA;NA;NA;NA;NA;NA;NA;NA;NA;NA;NA;65.2373980338841
