"","OTU1","OTU3","OTU4","OTU6","OTU7","OTU8","OTU9","OTU10","OTU11","OTU12","OTU13","OTU14","OTU15","OTU16","OTU17","OTU18","OTU19","OTU20","OTU21","OTU22","OTU23","OTU24","OTU25","OTU26","OTU27","OTU28","OTU29","OTU30","OTU31","OTU32","OTU33","OTU34","OTU35","OTU36","OTU37","OTU38","OTU40","OTU41","OTU42","OTU43","OTU44","OTU46","OTU48","OTU49","OTU50","OTU51","OTU52","OTU53","OTU54","OTU55","OTU56","OTU57","OTU58","OTU59","OTU60","OTU61","OTU62","OTU63","OTU64","OTU65","OTU66","OTU67","OTU68","OTU69","OTU70","OTU71","OTU73","OTU74","OTU75","OTU76","OTU77","OTU78","OTU79","OTU81","OTU82","OTU83","OTU85","OTU86","OTU87","OTU89","OTU90","OTU91","OTU92","OTU93","OTU94","OTU95","OTU96","OTU97","OTU98","OTU100","OTU101","OTU102","OTU103","OTU104","OTU105","OTU106","OTU107","OTU108","OTU109","OTU110","OTU112","OTU113","OTU114","OTU115","OTU116","OTU117","OTU119","OTU121","OTU122","OTU123","OTU124","OTU125","OTU126","OTU127","OTU129","OTU132","OTU134","OTU135","OTU136","OTU138","OTU139","OTU140","OTU141","OTU142","OTU144","OTU145","OTU146","OTU147","OTU148","OTU149","OTU150","OTU151","OTU152","OTU153","OTU154","OTU155","OTU157","OTU158","OTU159","OTU161","OTU163","OTU165","OTU167","OTU168","OTU169","OTU172","OTU173","OTU177","OTU178","OTU180","OTU184","OTU186","OTU187","OTU189","OTU190","OTU191","OTU193","OTU194","OTU197","OTU198","OTU199","OTU201","OTU202","OTU203","OTU204","OTU205","OTU206","OTU207","OTU208","OTU209","OTU211","OTU212","OTU213","OTU214","OTU215","OTU216","OTU217","OTU218","OTU219","OTU220","OTU221","OTU223","OTU224","OTU225","OTU229","OTU230","OTU231","OTU232","OTU233","OTU234","OTU235","OTU236","OTU238","OTU241","OTU242","OTU243","OTU245","OTU246","OTU247","OTU248","OTU249","OTU250","OTU253","OTU255","OTU256","OTU257","OTU258","OTU259","OTU261","OTU262","OTU263","OTU264","OTU265","OTU266","OTU267","OTU268","OTU269","OTU271","OTU273","OTU275","OTU276","OTU277","OTU278","OTU279","OTU281","OTU282","OTU283","OTU284","OTU285","OTU287","OTU288","OTU290","OTU291","OTU294","OTU295","OTU296","OTU297","OTU298","OTU299","OTU300","OTU301","OTU302","OTU303","OTU304","OTU305","OTU306","OTU307","OTU308","OTU309","OTU310","OTU312","OTU313","OTU314","OTU315","OTU316","OTU318","OTU319","OTU320","OTU322","OTU324","OTU325","OTU327","OTU328","OTU330","OTU331","OTU332","OTU333","OTU334","OTU335","OTU337","OTU338","OTU339","OTU340","OTU341","OTU342","OTU344","OTU345","OTU347","OTU350","OTU352","OTU354","OTU356","OTU358","OTU359","OTU360","OTU361","OTU362","OTU364","OTU365","OTU366","OTU371","OTU372","OTU376","OTU378","OTU379","OTU380","OTU381","OTU382","OTU383","OTU385","OTU387","OTU388","OTU389","OTU390","OTU392","OTU393","OTU394","OTU398","OTU400","OTU402","OTU403","OTU407","OTU408","OTU409","OTU412","OTU413","OTU414","OTU415","OTU416","OTU417","OTU418","OTU419","OTU420","OTU421","OTU424","OTU425","OTU426","OTU427","OTU428","OTU429","OTU430","OTU431","OTU434","OTU435","OTU437","OTU438","OTU439","OTU440","OTU441","OTU442","OTU445","OTU446","OTU447","OTU448","OTU449","OTU450","OTU451","OTU453","OTU454","OTU458","OTU459","OTU460","OTU461","OTU463","OTU466","OTU472","OTU473","OTU475","OTU477","OTU479","OTU480","OTU481","OTU482","OTU484","OTU489","OTU490","OTU493","OTU494","OTU495","OTU498","OTU502","OTU503","OTU506","OTU507","OTU511","OTU513","OTU516","OTU517","OTU518","OTU519","OTU523","OTU524","OTU525","OTU526","OTU527","OTU528","OTU529","OTU530","OTU531","OTU534","OTU535","OTU537","OTU538","OTU539","OTU540","OTU541","OTU542","OTU544","OTU545","OTU547","OTU548","OTU549","OTU553","OTU554","OTU555","OTU556","OTU557","OTU558","OTU560","OTU561","OTU562","OTU563","OTU564","OTU566","OTU568","OTU569","OTU570","OTU571","OTU572","OTU574","OTU575","OTU576","OTU580","OTU581","OTU584","OTU585","OTU586","OTU587","OTU589","OTU590","OTU591","OTU594","OTU595","OTU596","OTU597","OTU598","OTU599","OTU600","OTU602","OTU604","OTU606","OTU607","OTU608","OTU609","OTU611","OTU612","OTU613","OTU614","OTU615","OTU617","OTU618","OTU619","OTU620","OTU621","OTU622","OTU623","OTU624","OTU628","OTU629","OTU631","OTU632","OTU633","OTU634","OTU637","OTU638","OTU639","OTU642","OTU643","OTU644","OTU645","OTU646","OTU647","OTU649","OTU651","OTU652","OTU655","OTU656","OTU657","OTU658","OTU659","OTU660","OTU661","OTU662","OTU663","OTU664","OTU667","OTU668","OTU669","OTU670","OTU671","OTU673","OTU674","OTU675","OTU676","OTU677","OTU679"
"400140",58120.2434879178,14.0582654823904,103.960873242277,11.2466123859124,549.410403876087,479.386852949514,15422.9013127661,986.34604594191,6470.03552296055,250.729164878433,502.817295420164,4570.65451422474,0,93.0596052040845,0,9.70689759498388,9064.30097419594,366.92072909039,281.305892302633,0,212.904620583313,3805.10385723368,550.381093635586,1375.95273408896,2128.14022872426,0,2715.21339526889,519.804366211386,4231.81907550917,213.551747089646,75.7138012408742,0,186.85777870344,770.080542535388,1412.644806998,366.92072909039,1247.53047890733,0,391.38211102975,1186.37702405893,929.532513695656,285.382789292526,0,348.574692635871,2861.98168690505,0,0,966.224586604695,941.763204665335,1235.29978793765,0,0,1932.44917320939,409.728147484269,18.2757451271076,2983.22505825665,203.844849494662,1944.67986417907,0,0,360.805383605551,489.227638787187,0,0,765.550656991062,555.085205547001,684.918694302062,623.765239453664,403.612801999429,1051.83942339245,574.842475574945,40.7689698989322,758.30284012014,1075.45730940287,0,0,0,330.228656181351,1051.83942339245,697.149385271742,0,1504.3749892706,256.844510363273,317.997965211672,709.380076241421,794.994913029179,215.493126608642,0,0,161.760751534473,0,60.1827650889,199.962090456667,0,0,0,782.7642220595,0,0,0,0,1357.60669763444,61.1534548483984,295.575031767259,293.536583272312,635.995930423343,0,0,0,0,137.837945848771,17.226325309408,379.15142006007,0,262.959855848113,0,0,0,0,0,109.432498149766,1051.83942339245,171.229673575516,0,0,0,843.917676907898,0,2115.90953775458,240.7310603556,0,0,0,953.993895635015,47.563798215421,0,0,25.237933746958,664.711465743461,1076.30080533181,256.844510363273,0,362.390843546064,54.3586265319096,110.076218727117,0,783.670199168365,0,0,106.775873544823,330.681644735783,0,2433.90750296626,330.228656181351,0,214.716574801044,0,0,0,379.15142006007,0,733.841458180781,525.919711696226,0,0,0,173.675811769451,0,0,0,0,0,281.305892302633,244.613819393594,548.116150863423,126.836795241123,0,0,0,623.765239453664,0,577.794711326247,0,770.53353108982,0,0,0,452.535565878148,128.422255181637,0,0,36.692072909039,158.998982605836,464.766256847828,0,0,0,0,0,275.190546817793,0,0,415.843492969109,0,62.1241446078968,0,143.662084405761,0,513.689020726547,27.1793132659548,0,1076.30080533181,0,61.1534548483984,0,169.870707912218,0,0,0,0,24.4613819393594,122.306909696797,24.4613819393594,0,0,0,391.38211102975,354.690038120711,110.076218727117,0,0,648.226621393023,165.793810922325,102.737804145309,0,0,77.0080542535388,289.674259808203,95.127596430842,0,0,220.152437454234,0,0,0,0,0,0,305.767274241992,190.255192861684,207.921746484555,6.11534548483984,0,0,0,0,0,0,440.304874908468,0,0,0,0,232.383128423914,0,0,953.993895635015,660.457312362703,0,36.692072909039,0,217.434506127639,244.613819393594,0,0,0,140.652946151316,0,0,0,0,36.692072909039,34.944831341942,0,189.78658401227,122.306909696797,201.806400999715,97.8455277574374,0,0,0,0,0,232.383128423914,0,0,317.997965211672,0,0,476.996947817508,0,0,0,0,0,0,250.729164878433,49.8287409875838,648.226621393023,0,562.611784605265,110.076218727117,0,0,183.460364545195,0,232.383128423914,0,0,0,0,15.9530751778431,0,538.150402665906,220.152437454234,0,0,0,0,0,0,0,0,0,110.076218727117,0,0,0,513.689020726547,244.613819393594,0,0,513.689020726547,0,0,0,0,317.997965211672,0,0,0,0,238.498473908754,244.613819393594,281.305892302633,464.766256847828,0,0,0,244.613819393594,0,0,0,0,158.998982605836,158.998982605836,0,0,0,293.536583272312,0,0,0,0,0,232.383128423914,550.381093635586,171.229673575516,110.076218727117,0,0,317.997965211672,281.305892302633,0,0,489.227638787187,97.8455277574374,232.383128423914,0,0,134.537600666476,244.613819393594,183.460364545195,97.8455277574374,0,0,0,440.304874908468,171.229673575516,0,0,0,232.383128423914,0,207.921746484555,0,0,0,0,0,158.998982605836,146.768291636156,134.537600666476,0,135.896566329774,366.92072909039,146.768291636156,0,0,0,0,0,0,0,330.228656181351,183.460364545195,0,0,0,0,0,110.076218727117,12.2306909696797,0,0,134.537600666476,122.306909696797,0,281.305892302633,0,269.075201332953,122.306909696797,0,0,0,256.844510363273,256.844510363273,139.779325367767,195.691055514875,0,0,244.613819393594,110.076218727117,97.8455277574374,0,0,0,232.383128423914,0,0,0,220.152437454234,220.152437454234,0,0,0,134.537600666476,0,0,0,171.229673575516,0,0,0,0,0,0,158.998982605836,158.998982605836,158.998982605836,0,0,0,0,0,0,146.768291636156,146.768291636156,0,0,0,134.537600666476,134.537600666476,0,0,0
"400149",69759.4494560338,0,105.670518444065,0,649.454360976855,5460.85805660362,17245.4286100714,1265.31924020764,8791.78713454619,371.960224923108,544.790228422734,5316.40119460805,3.88673171288513,110.264888811198,0,0,11077.4013112623,312.784734594432,431.135715251784,351.749220016105,194.120656104653,5090.97075526072,693.198600993065,1191.96344804905,2755.88712102121,0,2671.35070626596,507.218488531511,3601.25126857373,300.573919129785,128.817393912765,0,117.411687160072,1202.29567651914,1293.40714575535,312.784734594432,1335.67535313298,0,388.867507874158,0,0,475.908705288824,0,118.350980657353,3212.38376069957,0,728.762196165964,1403.30448493718,591.754903286763,693.198600993065,42.2682073776259,0,2586.81429151071,524.125771482561,487.784829967086,3388.80758279749,348.88044184707,1910.52297346869,0,0,0,710.105883944115,0,0,851.626104201056,689.296920312054,1031.34426001407,743.920449846216,0,1149.69524067142,777.735015748317,45.6228270107708,1065.15882591617,1014.43697706302,422.682073776259,0,0,456.49663967836,1386.39720198613,912.99327935672,0,1352.58263608403,245.15560279023,456.49663967836,1301.86078723088,794.642298699367,252.267396412497,0,0,0,0,0,174.440220923535,0,14.7019851748264,0,1183.50980657353,0,0,0,76.0827732797266,1758.35742690924,23.4823374320144,295.877451643381,0,710.105883944115,0,0,0,0,144.91956815186,0,355.052941972058,0,228.24831983918,0,0,0,0,0,71.1885597938962,777.735015748317,118.350980657353,0,619.933708205181,23.4823374320144,1098.97339181827,21.134103688813,2586.81429151071,386.452181738295,0,0,0,896.085996405669,0,388.867507874158,329.692017545482,29.5206527716753,735.09925874132,634.023110664389,304.331093118907,0,413.289138803453,0,405.774790825209,0,1089.58045684547,0,0,187.858699456115,519.742401828585,0,3110.94006299327,0,0,285.545223173295,0,0,0,0,118.545317242997,828.456864601468,591.754903286763,0,0,0,236.701961314705,0,0,0,0,0,439.589356727309,693.198600993065,619.933708205181,150.286959564892,0,135.258263608403,0,777.735015748317,355.052941972058,623.820439918065,0,0,0,0,0,591.754903286763,143.711905083928,0,0,0,253.609244265755,710.105883944115,0,0,0,0,30.4331093118907,219.794678363655,0,0,541.033054433612,0,128.817393912765,0,174.440220923535,0,473.40392262941,32.8752724048201,0,1369.48991903508,0,59.1754903286763,8.45364147552518,286.484516670575,0,0,0,0,169.072829510504,207.250565206423,0,0,0,0,355.052941972058,253.609244265755,169.072829510504,0,0,862.271430503569,176.587177488747,189.361569051764,0,9.71682928221285,0,186.869969458978,150.286959564892,0,0,152.165546559453,0,0,0,0,0,67.6291318042014,439.589356727309,0,253.609244265755,0,0,0,0,0,0,0,0,794.642298699367,0,278.970168692331,0,304.331093118907,0,0,912.99327935672,929.90056230777,0,0,0,250.478265941487,363.506583447583,0,0,253.609244265755,202.887395412604,0,0,0,0,0,0,0,233.203902773109,101.443697706302,185.980112461554,84.5364147552518,0,0,236.701961314705,0,0,507.218488531511,0,0,0,0,0,524.125771482561,0,0,0,0,169.072829510504,0,177.526470986029,0,760.827732797266,0,388.867507874158,169.072829510504,0,0,338.145659021007,0,169.072829510504,0,0,0,0,29.4039703496528,0,676.291318042014,270.516527216806,0,0,0,135.258263608403,0,0,0,0,0,0,101.443697706302,0,0,524.125771482561,287.423810167856,0,92.990056230777,439.589356727309,425.813052100528,0,0,0,0,0,0,0,0,0,219.794678363655,236.701961314705,0,0,0,0,338.145659021007,0,262.062885741281,0,0,0,0,0,0,253.609244265755,270.516527216806,338.145659021007,0,0,0,0,287.423810167856,0,321.238376069957,0,0,0,0,304.331093118907,236.701961314705,0,0,101.443697706302,338.145659021007,0,0,0,0,371.960224923108,185.980112461554,201.796602964149,0,0,0,0,0,0,0,253.609244265755,0,270.516527216806,0,219.794678363655,0,0,0,304.331093118907,321.238376069957,185.980112461554,0,0,0,0,507.218488531511,0,0,0,0,0,0,0,202.887395412604,0,0,0,0,0,0,0,0,0,16.9072829510504,236.701961314705,0,0,0,0,202.887395412604,185.980112461554,0,0,0,0,36.229892037965,0,0,0,0,185.980112461554,0,338.145659021007,338.145659021007,202.887395412604,0,321.238376069957,0,0,0,0,0,0,0,0,253.609244265755,0,0,0,236.701961314705,0,0,0,0,0,0,0,0,219.794678363655,219.794678363655,0,0,0,0,0,0,202.887395412604,0,0,0,0,0,0,0
"400235",487558.995221281,0,2070.79558362213,0,5691.02899357166,159.839914164977,35853.4826595015,10278.4014369566,18924.3508809847,15901.2916348211,9808.14777644221,716.577006498065,0,4705.45743533306,0,6871.46165159751,335.895471795967,9976.0955123402,14903.682083587,0,4389.03416480063,1545.11917026145,15024.6044534336,4564.81946170718,12334.0817243479,0,10883.0132861893,3342.15994436987,2357.98621200768,940.507321028709,1065.26849626721,638.201396412339,6516.37215284176,2552.80558564934,4353.20531447572,9492.40603295401,7073.95863602305,0,2902.13687631715,5985.65730740412,7194.8810058696,2082.55192513499,0,3839.2852426279,5139.20071847829,2297.52502708441,0,4474.12768432227,2781.2145064706,3809.05465016626,2116.14147231459,644.919305848258,6650.73034156014,5834.50434509594,0,1209.22369846548,537.432754873546,3929.97702001281,0,5169.43131093992,2962.59806124042,5078.73953355501,808.9876855931,2050.42279305016,0,5534.52385066892,2781.2145064706,2902.13687631715,2841.67569139388,0,3264.90398585679,700.581984031588,2599.83095170078,0,2055.68028739131,0,1330.14606831203,1753.37436277494,1027.84014369566,1209.22369846548,0,3204.44280093352,0,785.995404002561,2539.36976677751,2902.13687631715,153.552215678156,2116.14147231459,627.004880685806,546.101025113442,0,537.432754873546,451.059633554583,1269.68488338875,0,0,1088.30132861893,0,801.11070023338,795.541906885183,755.764811540924,2599.83095170078,2552.80558564934,503.843207693949,0,1571.99080800512,1088.30132861893,709.761736055824,0,335.895471795967,268.716377436773,0,423.228294462918,0,0,0,0,0,136.037666077366,0,0,0,967.378958772383,1964.9885100064,0,251.921603846975,0,136.037666077366,2599.83095170078,0,0,0,0,0,537.432754873546,1027.84014369566,0,307.104431356312,446.887018998112,574.381256771103,0,761.363069404191,738.970037951125,436.664113334756,0,362.767109539644,0,241.844739693096,0,0,0,0,0,0,119.219237876878,282.152196308612,1528.32439667165,0,0,0,0,1269.68488338875,0,0,241.844739693096,0,84.6456588925835,1027.84014369566,0,0,1995.21910246804,151.152962308185,0,0,0,291.109408889837,0,665.073034156013,0,0,0,667.157902601644,0,0,0,181.383554769822,0,967.378958772383,665.073034156013,0,0,967.378958772383,0,0,574.381256771103,0,0,315.449660469256,120.922369846548,0,0,0,0,120.922369846548,0,0,0,0,0,722.175264361325,0,0,0,302.30592461637,30.230592461637,0,503.843207693949,239.925336997119,0,0,0,0,0,0,0,0,0,0,0,0,0,0,0,120.922369846548,0,0,0,0,0,0,0,0,0,0,0,0,0,40.307456615516,0,0,483.689479386192,120.922369846548,0,0,0,0,0,0,0,0,483.689479386192,483.689479386192,0,0,0,0,0,0,151.152962308185,0,0,0,0,0,0,0,332.536517078007,0,0,0,0,0,0,0,0,0,0,665.073034156013,0,0,0,335.895471795967,0,423.228294462918,0,0,0,0,0,0,0,0,0,0,0,0,0,0,0,0,0,0,0,0,0,0,0,876.687181387472,0,0,0,157.724830234628,0,0,0,0,0,0,0,0,0,0,0,0,0,0,0,0,0,0,0,0,0,0,0,0,0,0,0,0,0,0,0,0,423.228294462918,0,0,0,0,0,0,0,0,0,0,0,0,0,0,0,0,0,0,0,0,0,0,0,0,0,0,302.30592461637,0,0,1451.06843815857,0,0,0,0,0,0,0,0,0,0,0,0,0,0,0,0,0,0,0,0,0,0,0,0,0,0,0,0,0,0,0,0,0,0,0,0,0,0,0,0,0,0,0,0,0,0,0,0,0,0,0,0,0,0,0,0,0,0,0,0,0,0,0,0,0,0,0,0,0,0,0,0,0,0,0,0,0,0,0,0,0,0,0,0,0,0,0,0,0,0,0,0,0,0,0,0,0,0,0,0,0,0,0,0,725.534219079287,0,0,0,0,0,0
"400244",450364.003024834,0,1667.01361663854,0,7151.49556687492,828.587072575852,35322.6669039086,9563.16442674948,20184.3810879478,17300.8980753838,11013.3031729873,901.088441426239,0,6248.85245249935,0,6579.37592152492,467.231043702495,10722.9524529722,17075.6259650272,0,5172.91512670619,1835.55052883123,13831.7075758928,5046.09527198694,11263.605517828,0,11624.0408943985,3704.4747036412,3198.86396706315,1029.81536162998,1087.02732616499,425.513986229057,5656.83299339806,2803.38626221496,5271.3673823435,8154.85039490746,7659.25175212303,0,2342.82994770822,7839.46944040828,7388.92521969516,3804.59564157745,0,2973.59185670659,5766.96602512793,3559.29934363364,0,4550.49662920251,3334.02723327708,4325.22451884595,1982.39457113773,946.142863497551,8470.23134940665,6893.32657691073,0,705.199649811839,572.119645349993,2883.48301256397,0,5181.25853820087,1937.34014906641,5496.63949270006,1040.69369291481,1684.64360788383,0,3812.29725218793,1621.95919456723,2252.7211035656,3424.13607741971,2883.48301256397,2793.37416842134,901.088441426239,3784.5714539902,0,0,0,1576.90477249592,0,1081.30612971149,1531.85035042461,0,3334.02723327708,1531.85035042461,2613.15648013609,2342.82994770822,2613.15648013609,228.847858139997,1531.85035042461,0,406.94316709572,0,0,0,1351.63266213936,0,0,0,0,1284.05102903239,0,495.598642784431,0,1902.29782078873,0,0,1802.17688285248,1036.25170764017,1018.62171639488,0,400.483751744995,343.271787209996,0,901.088441426239,0,0,0,765.925175212303,0,0,0,782.524172817523,0,901.088441426239,1892.2857269951,0,375.453517260933,0,90.1088441426239,2162.61225942297,0,0,0,0,0,625.755862101554,0,0,386.180760611246,313.42206658304,315.380954499184,0,0,901.088441426239,400.483751744995,0,450.544220713119,0,495.598642784431,0,185.938884738747,0,0,0,0,0,320.387001395996,1526.84430352779,0,0,0,0,0,0,0,405.489798641808,0,0,1712.06803870985,0,0,1892.2857269951,0,0,0,0,367.110105766245,0,0,0,0,0,435.008213102322,0,0,0,0,0,0,0,0,0,2162.61225942297,0,5766.96602512793,0,0,0,0,72.0870753140991,0,0,0,0,340.411188983246,0,0,0,0,0,300.362813808746,400.483751744995,0,0,270.326532427872,45.054422071312,0,550.665158649368,0,0,0,0,0,0,0,0,0,0,0,0,0,0,0,0,0,0,0,0,0,0,0,0,0,0,270.326532427872,0,0,0,0,0,0,450.544220713119,675.816331069679,0,0,1081.30612971149,0,0,0,0,0,450.544220713119,0,0,0,0,0,0,0,0,0,0,0,0,0,0,0,630.761908998367,0,0,0,0,0,0,0,0,0,0,180.217688285248,0,0,0,300.362813808746,0,0,0,0,0,0,0,0,0,0,0,0,0,0,0,0,0,0,0,0,0,0,0,0,0,0,0,0,0,0,0,0,0,0,0,0,0,0,0,0,0,0,0,0,0,0,0,0,0,0,0,0,0,0,0,0,0,0,0,0,0,0,0,0,0,0,0,0,0,0,0,0,0,0,0,0,0,0,0,0,0,0,0,0,0,0,0,0,0,0,0,0,0,0,0,0,0,0,0,0,0,0,0,0,0,0,0,0,0,0,0,0,0,0,0,0,0,0,0,0,0,0,0,0,0,0,0,0,0,0,0,0,0,0,0,0,0,0,0,0,0,0,0,0,0,0,0,0,0,0,0,0,0,0,0,0,0,0,0,0,0,0,0,0,0,0,0,0,0,0,0,0,0,0,0,0,0,0,0,0,0,0,0,0,0,0,0,0,0,0,0,0,0,0,0,0,0,0,0,0,0,0,0,0
"400355",92967.6244608571,12.4218934566411,8780.7259371632,27.9492602774425,2654.58820762101,428.555324254118,4647.03034212944,8297.02341655519,4052.64274022917,3417.7287109266,950.619902029064,2111.37683503297,0,1767.89197798403,763.247716076493,1286.5532508664,320.208809104528,3350.18466525611,3066.49967344007,0,550.358890648406,260.169657397428,2728.77944508764,1567.02185955528,0,257.895447105493,0,3617.3588903527,0,295.907247699274,523.198322019005,10401.7830332549,3084.51141895221,210.137030974846,3647.37846620625,1202.28401293465,0,0,2620.70897201486,0,0,910.593800890998,0,1283.33686773924,1377.89853167792,729.47569324125,0,2269.47993452833,972.634257655,1485.96900475069,1134.73996726417,130.58515496294,3188.07895564694,1053.68711245958,18.6328401849617,117.467905513889,132.943835922862,837.546166314028,715.966884107153,1661.58352349396,1769.65399656674,837.546166314028,357.698044677504,610.833108672222,0,1163.83586386068,0,459.299510559306,1269.82805860514,2512.63849894208,1594.03947782347,287.330226026829,1512.98662301889,1006.17336998793,1729.12756916444,688.949265838958,459.299510559306,0,567.369983632083,621.405220168472,0,0,486.3171288275,1134.73996726417,0,0,132.943835922862,27.0176182681944,280.182707966462,348.614429267025,0,0,0,594.387601900278,0,0,540.352365363889,305.416554336112,452.545105992257,0,337.720228352431,0,1065.694942801,1658.5815659086,0,594.387601900278,0,475.74501733125,0,107.212770905534,0,0,540.352365363889,864.563784582222,0,0,256.667373547847,0,0,310.702610084236,341.275178124561,0,1269.82805860514,216.140946145556,0,232.651712865008,0,74.2984502375347,0,0,0,68.4953702573943,0,0,367.73980420598,378.246655754722,0,0,0,108.070473072778,459.299510559306,280.182707966462,0,195.127243048071,189.123327877361,580.878792766181,0,0,0,0,0,21.6140946145556,0,0,0,0,322.710440425655,0,47.678149885049,918.599021118611,0,0,0,0,189.123327877361,378.246655754722,32.4211419218333,324.211419218333,340.656925990277,30.0195758535494,0,0,0,0,0,130.084828698714,0,567.369983632083,0,0,351.229037486528,0,0,0,0,0,150.097879267747,0,0,0,120.078303414197,0,0,972.634257655,0,0,0,70.4807433083332,0,0,0,0,0,66.0430668778085,0,0,0,0,0,45.0293637803242,60.0391517070987,0,81.0528548045833,0,40.5264274022917,0,0,0,0,0,0,0,94.5616639386806,70.2458074973056,0,0,0,0,0,0,0,0,0,0,0,0,0,0,0,0,0,243.15856441375,0,162.105709609167,0,0,411.13766929861,99.0646003167131,0,420.274061949693,0,27.0176182681944,70.2458074973056,0,0,0,0,0,0,0,729.47569324125,0,0,0,0,0,0,0,162.105709609167,351.229037486528,0,0,0,540.352365363889,0,0,0,0,200.130505690329,432.281892291111,0,54.0352365363889,0,0,0,0,0,0,0,0,0,682.945350668249,0,0,0,0,0,0,0,0,0,0,0,0,0,0,0,0,0,0,0,0,0,0,0,0,0,0,0,0,0,0,0,0,0,0,94.5616639386806,0,0,0,0,0,0,756.493311509444,0,0,459.299510559306,0,0,0,0,0,0,0,0,0,0,0,0,0,0,0,0,0,0,0,0,0,0,0,46.9871622055556,0,0,0,0,0,0,0,0,0,0,0,0,0,0,0,0,0,0,516.858784261111,0,0,0,0,0,0,0,0,324.211419218333,0,0,0,0,0,0,0,0,0,0,0,0,0,0,0,0,387.644088195833,0,0,0,0,0,0,0,0,0,0,0,0,486.3171288275,0,0,0,0,0,0,0,0,0,0,0,0,0,0,0,0,0,0,0,0,0,0,0,0,0,0,0,0,0,0,0,0,0,0,0,0,0,0,0,0,0,0,0,0,0,0,0,108.070473072778,0,405.264274022917,0,0,0,0,0,0,0,0,0,0,0,0,0,0,0,0,0,0,0,0,0,0,0,0,0,0,0
"400365",104779.846898238,0,26955.3023738679,0,2522.78925116143,1420.88130237828,5199.7489565605,10064.0302385042,5003.5320148035,6720.43025517725,2434.54353661463,9338.47296880537,0,2772.63069874022,2207.44059476625,622.910926212698,872.075296697778,6229.88790078475,3875.28459970075,349.581907727989,1489.79529852537,690.392943219074,3433.7964807475,3286.63377442975,0,445.947594902273,0,5504.97531040472,0,327.028236261666,1572.85008868706,13953.2047471644,3542.80589283472,0,4709.206602168,1373.518592299,0,0,4120.555776897,0,0,1380.78588643815,0,2796.09142003725,2060.2778884485,981.084708785,0,1962.16941757,1422.57282773825,0,1324.46435685975,0,2452.7117719625,0,0,0,0,0,1864.0609466915,1520.68129861675,1667.8440049345,0,359.270456738169,895.772994977609,0,1358.42498139461,0,1079.1931796635,0,0,0,0,0,1184.0677519819,3630.0134225045,1030.13894422425,0,0,882.9762379065,0,0,0,0,0,0,0,0,49.05423543925,0,158.239469158871,0,0,0,1177.301650542,0,0,0,767.805424266522,220.744059476625,0,441.48811895325,0,763.065884610556,2425.45941894069,0,1177.301650542,0,917.100923429456,0,171.300504708492,0,0,686.7592961495,1471.6270631775,0,0,0,0,0,1030.13894422425,697.086503610395,0,0,0,0,327.028236261666,0,73.581353158875,0,0,0,0,0,0,0,0,0,0,0,0,1373.518592299,0,0,0,0,784.867767028,0,0,0,0,0,0,0,0,0,109.009412087222,0,0,0,0,0,0,0,0,0,1864.0609466915,0,0,0,0,0,0,0,1962.16941757,0,327.028236261666,0,0,0,0,0,0,0,0,0,0,218.018824174444,0,0,0,0,0,0,0,0,0,0,0,78.4867767028,0,0,0,0,0,0,0,0,0,0,0,0,0,0,0,0,0,0,0,0,0,0,0,0,0,0,0,0,0,0,0,0,0,0,0,0,0,0,0,0,0,0,981.084708785,0,294.3254126355,0,0,1578.26670543674,130.811294504666,0,0,0,0,0,0,932.03047334575,0,0,0,0,0,1079.1931796635,343.37964807475,0,0,0,0,0,0,0,0,0,0,0,0,0,0,0,0,254.355294870185,0,0,0,0,0,0,0,0,0,0,0,0,0,0,0,0,0,0,0,0,0,0,0,0,0,0,0,0,0,0,0,0,0,0,0,0,0,0,0,0,0,0,0,0,0,0,0,0,0,0,0,0,0,0,0,0,0,1324.46435685975,0,0,0,0,0,0,0,0,0,0,0,0,0,0,0,0,0,0,0,0,0,0,0,0,0,0,0,0,0,0,0,0,0,0,0,0,0,0,0,0,0,0,0,0,0,0,0,0,0,0,0,0,0,0,0,0,0,0,0,0,0,0,0,0,0,0,0,0,0,0,0,0,0,0,0,0,0,0,0,0,0,0,0,0,0,0,0,0,0,0,0,0,0,0,0,0,0,0,0,0,0,0,0,0,0,0,1079.1931796635,0,0,0,0,0,0,0,0,0,0,0,0,0,0,0,0,0,0,0,0,0,0,0,0,0,0,0,0,0,0,0,0,0,0,0,0,0,0,0,0,0,0,0,0,0,0,0,0,0,0,0,0
"400468",313250.754867459,0,20206.3312395606,0,1503.44726484826,1258.05702162015,28046.8087257443,8911.56241664087,17680.5398346155,12497.4053890512,8789.59817615918,8477.77207678324,0,1967.55489877968,0,918.773328518383,11576.5439393316,11708.0955750058,6709.13341938536,284.272500077631,4346.0762600521,3800.38058614421,6419.71982090207,7972.0291218579,7524.75356056554,31.8913056179934,9892.68300270155,1140.11417584327,8156.20141180181,467.739149063903,693.256238791143,555.440239513387,833.160359270076,1149.85874144876,8682.4079544987,4262.27299584482,6209.23720382331,72.5802127857783,2315.30878786632,0,4209.65234157513,1695.55441535665,0,2262.68813359663,4367.51430438419,657.758178371114,0,1420.75766528161,2367.92944213601,3999.16972449637,920.861449719559,0,2104.82617078756,2946.75663910259,24.193404261926,1121.04872139773,417.624240235628,3315.10121899041,0,4656.92790286748,1394.44733814676,3078.30827477681,0,2264.9759881301,721.09785480685,1416.70992264547,1315.51635674223,2736.27402202383,2104.82617078756,0,3157.23925618134,192.107150508389,2578.41205921477,181.450531964445,2525.79140494508,0,420.965234157513,920.861449719559,736.689159775647,894.551122584714,0,3051.99794764197,0,1789.10224516943,0,2262.68813359663,0,0,350.804361797927,492.25773349064,0,0,0,578.82719696658,22.8785453346474,0,3209.85991045103,0,0,567.749164488749,184.172289943912,0,146.16848408247,0,2052.20551651787,1631.24028236036,0,0,0,0,242.222059336664,0,789.309814045336,1105.03373966347,0,0,420.965234157513,0,0,0,0,0,0,2183.7571521921,0,102.317938857729,0,434.120397724935,1157.65439393316,133.639756875401,0,0,0,0,409.271755430915,947.171776854404,0,50.1149088282753,91.5141813385898,499.896215562046,0,350.804361797927,331.315230586931,0,0,315.723925618135,0,157.861962809067,0,83.5248480471257,0,0,0,0,44.4681585377654,0,0,0,0,0,0,0,0,0,0,0,94.7171776854404,0,0,0,0,0,0,0,0,0,394.654907022668,0,0,0,0,0,0,0,0,0,0,0,0,0,0,0,0,0,0,0,0,0,0,552.516869831735,0,0,0,0,0,0,0,0,0,146.16848408247,0,0,0,447.275561292357,26.3103271348445,0,160.785332490717,0,0,0,0,0,0,10.5241308539378,0,0,0,0,0,0,0,0,0,0,0,0,0,27.6950811945732,116.934787265976,0,0,0,0,0,0,0,0,0,0,0,0,26.3103271348445,0,0,0,0,0,0,0,0,0,0,0,0,0,0,0,0,0,0,0,0,0,0,0,0,0,0,0,0,0,0,0,0,0,0,0,210.482617078756,0,0,0,0,0,684.068505505958,0,0,0,0,0,0,0,0,0,0,0,0,0,0,0,0,0,0,0,0,263.103271348445,0,578.82719696658,0,0,0,0,0,0,0,0,0,0,0,0,0,0,0,0,0,0,0,0,0,0,0,0,0,0,0,0,0,0,0,0,0,0,0,0,0,0,0,0,0,0,0,0,0,0,0,0,0,0,0,0,0,0,0,0,0,0,0,0,0,0,0,0,0,0,0,894.551122584714,0,0,0,0,0,0,0,0,0,0,0,0,0,0,0,0,0,0,0,0,0,0,0,0,0,0,0,0,0,0,0,0,0,0,0,0,0,0,0,0,0,0,0,0,0,0,0,0,0,0,0,0,0,0,0,0,0,0,0,0,0,0,0,0,0,0,0,0,0,0,0,0,0,0,999.792431124093,0,0,0,0,0,0,0,0,0,0,0,0,0,0,0,0,0,0,0,0,0,0,0,0,0,0,0,0,0,0,0,0,0,0,0,0
"400795",125863.635462976,344.854922078458,2353.84512057698,106.540545032369,1575.81209651259,4687.78398142422,2024.55072547035,1935.6373045694,5512.63209585904,853.726209535691,785.970161159842,11934.0986539328,120.559037799786,906.752682177661,591.510302321158,23.2306451574338,578.184946140574,1402.55020138006,2634.35516085299,277.566156794856,0,1282.8478492494,1304.98149171884,3256.35568494328,1731.84459648669,498.930901676704,0,1666.79879004587,0,751.124193423692,627.227419250712,40.6536290255092,1470.30624975591,668.526343975039,1463.53064491833,707.373145043858,1634.27588682547,1713.05981617835,2195.29596737749,1951.37419322444,1536.70717716424,1129.26747293081,0,3890.55229774122,2146.51161254688,670.7848789209,490.647246859592,3536.86572521929,2792.90431405248,3317.33612848154,841.530120828039,89.4379838561201,3927.14056386418,1463.53064491833,151.399721888103,0,0,487.843548306109,1695.25633036373,1597.68762070251,1439.13846750302,743.961411166817,0,360.580013965386,776.936021376398,806.81817604472,1048.86362885814,682.980967628553,1317.1775804265,1805.0211287326,902.510564366302,379.433870904753,0,1253.25325340707,3536.86572521929,414.667016060193,670.7848789209,0,682.980967628553,1097.64798368875,0,0,512.235725721415,1219.60887076527,682.980967628553,0,344.5879031686,0,966.652956828771,369.81688339334,0,0,0,597.608346674984,250.991970505318,0,1195.21669334997,0,0,828.050233309053,329.294395106624,561.020080552026,318.453427366489,724.989717621579,1853.80548356322,829.334032120386,182.941330614791,0,0,50.3330645077731,0,0,878.118386950997,1805.0211287326,0,829.334032120386,524.431814429068,0,0,609.804435382637,417.234613682856,0,317.098306398971,292.706128983666,912.448118128093,440.414314443016,0,36.5882661229582,0,0,1337.36421001158,0,0,0,345.555846716828,658.588790213248,524.431814429068,0,0,0,951.294919196913,171.648655885483,0,365.882661229582,609.804435382637,402.47092735254,0,85.3726209535691,0,0,0,0,0,0,0,151.773548361901,0,0,0,756.157499874469,123.362736353269,0,0,609.804435382637,158.549153199486,902.510564366302,131.71775804265,195.137419322444,318.158835851811,108.409677401358,0,0,365.882661229582,487.843548306109,0,379.433870904753,756.157499874469,902.510564366302,0,0,829.334032120386,0,70.7019635226245,0,0,0,72.2731182675717,0,0,0,496.877688089557,0,926.902741781608,0,0,536.62790313672,0,0,375.639532195704,0,0,0,0,86.7277419210862,0,0,0,224.40803222081,0,33.8780241879243,216.819354802715,0,0,0,36.5882661229582,494.619153143695,0,0,121.960887076527,170.745241907138,804.94185470508,0,439.059193475498,190.258983839383,0,165.237330877876,195.137419322444,0,243.921774153055,682.980967628553,0,0,0,0,0,11.2147942139336,243.921774153055,0,0,388.468010688198,0,487.843548306109,0,780.549677289775,133.917836789912,102.289776257732,74.2370616987559,243.921774153055,0,0,487.843548306109,109.764798368875,185.380548356322,0,0,390.274838644887,0,0,0,0,0,487.843548306109,0,0,0,0,0,0,146.353064491833,317.098306398971,0,0,0,317.098306398971,804.94185470508,0,0,634.196612797942,0,463.451370890804,0,170.745241907138,0,54.9682871330827,16.8221913209003,292.706128983666,0,0,0,487.843548306109,0,0,0,0,0,0,0,365.882661229582,0,0,268.31395156836,0,0,97.5687096612219,0,365.882661229582,0,0,0,0,0,0,0,0,0,0,0,0,585.412257967331,0,0,159.079417925905,0,0,0,336.443826418007,0,0,0,682.980967628553,0,0,0,0,0,0,0,73.1765322459164,0,0,0,0,0,0,0,731.765322459164,60.9804435382637,0,0,280.510040276013,170.745241907138,0,0,0,0,0,365.882661229582,0,0,0,0,0,292.706128983666,0,0,0,0,0,0,0,0,243.921774153055,219.529596737749,195.137419322444,0,0,0,0,0,0,0,0,0,0,0,0,0,0,0,0,0,0,0,0,0,0,0,0,0,0,390.274838644887,243.921774153055,0,307.16075263718,0,0,48.7843548306109,0,0,0,0,0,0,0,0,0,0,0,0,0,0,0,317.098306398971,0,0,0,219.529596737749,0,0,146.353064491833,0,0,0,0,0,0,0,0,0,0,0,0,0,0,0,0,0,0,0,0,0,0,0,0,0,0,0,0,0,0,121.960887076527,0,0,0,0,0,0,0,0,0,0,0,0,0,0,0,0,0,0,0,0,0,0,0,0,0,0,0,0,0,0,0,0,0,0,0
"400804",118812.391702112,939.835901617843,2033.18253327876,279.683069918447,1402.25484261557,13351.7170044851,1885.21507128812,1336.48030185092,4910.32762754116,548.027637002361,681.989948269605,9320.52929301794,312.43874477376,862.547846064586,515.14597878222,17.3977027619797,438.422109601889,909.72587742392,1994.8205986886,2454.15594685196,0,1201.6013374274,986.449746604251,2181.1499952694,1556.39848908671,358.708998765183,0,1053.43090223787,0,608.919596669291,309.679109163239,60.8919596669291,1010.80653047102,503.373533246614,1052.21306304453,679.554269882928,1666.00401648718,8841.51254363809,2805.90150145209,1863.29396580803,1885.21507128812,738.822443958739,0,3364.8896911945,2433.24270829049,416.501004121795,811.332869493152,2115.38667882912,1972.8994932085,2279.79496992982,460.343215081984,54.8027637002361,2608.61155213124,1161.81859044501,519.051463091891,123.901900539664,0,416.501004121795,1512.55627812652,1194.70024866515,942.607535644062,405.540451381748,0,285.927462783842,535.849245068975,691.357942064517,789.159797283401,876.844219203778,986.449746604251,2192.11054800945,1074.13416852463,240.088298115321,942.607535644062,1481.5643703788,3353.92913845445,306.895476721322,394.5798986417,0,723.396480843117,723.396480843117,0,0,679.554269882928,898.765324683873,548.027637002361,0,191.374730381777,0,763.179227825511,304.066946981956,0,0,0,635.712058922739,174.733449479014,0,1074.13416852463,0,0,628.789604560604,219.211054800945,526.106531522267,231.389446734331,560.206028935748,1052.21306304453,701.475375363023,98.6449746604251,119.1364428266,0,0,0,0,854.923113723684,1797.53064936775,0,1096.05527400472,372.658793161606,0,0,646.672611662787,432.653397633444,0,284.974371241228,274.013818501181,0,334.90577816811,0,16.4408291100708,0,0,1383.29734581286,0,0,0,0,679.554269882928,0,0,0,0,745.317586323212,154.25963115622,0,298.370602367952,219.211054800945,317.85602946137,0,131.526632880567,0,0,0,0,0,0,0,180.24020061411,0,0,0,1753.68843840756,342.674752332512,0,0,449.382662341936,219.211054800945,789.159797283401,105.221306304453,0,0,113.664991378268,0,0,197.28994932085,284.974371241228,0,308.519262312441,975.489193864204,635.712058922739,0,0,745.317586323212,0,0,0,0,0,56.8324956891337,0,0,0,495.254605291023,0,372.658793161606,0,0,1249.50301236538,0,0,254.284823569096,0,0,241.132160281039,0,87.6844219203778,0,0,0,0,0,30.4459798334646,202.973198889764,0,0,0,21.9211054800945,280.103014467874,0,0,0,175.368843840756,328.816582201417,0,0,201.674170416869,0,141.426486968351,0,0,0,613.790953442645,0,0,0,0,65.7633164402834,40.3146767450014,0,69.224543621351,0,340.994974134804,0,241.132160281039,0,898.765324683873,34.3860478119128,127.283838271516,0,168.061808680724,0,0,241.132160281039,263.053265761134,118.37396959251,0,0,416.501004121795,0,0,0,0,0,438.422109601889,0,0,0,0,0,0,263.053265761134,964.528641124156,0,0,0,284.974371241228,854.923113723684,0,0,438.422109601889,227.329982756536,241.132160281039,0,153.447738360661,0,0,22.6770056690632,0,0,0,0,350.737687681511,0,0,0,0,0,0,0,306.895476721322,0,0,679.554269882928,0,0,87.6844219203778,0,350.737687681511,0,0,0,0,0,0,0,0,0,0,0,0,372.658793161606,0,0,114.370985113536,0,0,0,173.857043462818,0,0,0,0,0,0,0,0,0,0,0,76.7238691803306,0,0,0,0,0,0,0,0,0,0,0,120.56608014052,284.974371241228,0,0,0,0,0,317.85602946137,0,0,0,0,0,372.658793161606,0,0,0,0,0,0,0,0,306.895476721322,394.5798986417,0,0,0,0,0,0,0,0,0,0,0,0,0,0,0,0,0,0,0,0,0,0,0,0,0,0,0,0,241.132160281039,0,0,0,0,0,0,0,0,0,0,0,0,0,0,0,0,0,0,0,0,0,0,0,0,109.605527400472,591.86984796255,0,131.526632880567,0,0,0,0,0,0,0,0,0,0,0,0,0,0,0,0,0,0,0,0,0,0,0,0,0,0,0,0,0,0,0,0,0,0,0,0,0,0,0,0,0,0,0,0,0,0,0,0,0,0,0,0,0,0,0,0,0,0,0,0,0,0,0,0,0,0
"407863",128207.641432577,0,743.098084738721,0,2075.21935370982,21.3533932396184,14095.6417948876,5206.18113803842,11564.4639437463,592.156286276168,1186.89277423546,971.875967308743,0,307.941461746345,0,239.590156289766,8979.10185725955,1590.69433764382,859.207160479146,0,722.456471273756,1874.94655640094,1497.80707705148,1637.13796793999,3878.0431297302,0,3970.93039032254,799.862521767372,4725.6393826353,258.020168312056,187.986122627355,0,457.985798753899,1212.69479106666,1242.36711042255,882.428975627231,2368.62514510467,0,696.654454442551,0,1602.30524521787,713.855798996687,0,417.992672665531,2972.39233895488,0,0,1451.36344675531,1335.25437101489,1486.19616947744,104.498168166383,0,1927.41065729106,963.705328645529,0,1373.11602614764,394.402257277,2229.29425421616,0,0,0,1567.47252249574,0,50.4822068436631,1849.14453956973,1071.77608375777,603.767193850211,835.985345331061,603.767193850211,0,952.094421071486,184.300120222897,1230.75620284851,744.699589231693,1486.19616947744,0,696.654454442551,673.432639294466,1230.75620284851,650.210824146381,0,1091.42531196,0,487.658118109786,1137.86894225617,998.538051367656,221.160144267476,174.163613610638,0,0,0,0,313.310204378925,0,0,0,905.650790775316,0,179.969067397659,0,0,1300.42164829276,45.1535294546097,219.317143065247,603.767193850211,417.992672665531,0,0,0,0,206.416134649645,0,534.101748405956,603.767193850211,359.938134795318,0,0,0,0,0,48.8880318907054,835.985345331061,1579.08343006978,0,0,32.252521039007,1114.64712710808,46.4436302961701,1764.85795125446,239.590156289766,0,0,0,766.319899886806,0,696.654454442551,592.156286276168,99.5220649203645,282.700358324514,232.21815148085,0,0,223.617479203782,0,441.214487813616,0,765.4598326591,0,269.672692042279,210.102137054103,292.42285742033,0,3088.50141469531,1346.86527858893,0,165.132907719716,0,0,13.6598912635794,0,0,928.872605923401,0,0,0,185.77452118468,148.619616947744,0,0,0,0,0,394.770857517446,0,550.443025732386,86.0067227706852,0,0,104.498168166383,580.545378702126,0,0,0,0,882.428975627231,0,0,557.323563554041,139.33089088851,0,43.0033613853426,510.879933257871,0,626.989008998296,0,0,0,0,0,371.549042369361,0,0,673.432639294466,0,117.952076942654,0,84.7780553025326,0,441.214487813616,0,0,835.985345331061,0,139.33089088851,0,0,45.1535294546097,0,0,0,0,232.21815148085,0,0,0,0,0,0,417.992672665531,0,0,1300.42164829276,0,83.5985345331061,0,0,0,164.997107631131,120.40941187896,0,0,394.770857517446,0,0,0,0,0,77.4060504936167,0,0,162.552706036595,0,0,0,0,0,0,0,673.432639294466,278.66178177702,0,139.33089088851,0,394.770857517446,0,0,673.432639294466,696.654454442551,0,0,122.559579948227,232.21815148085,174.163613610638,0,0,0,232.21815148085,0,0,0,0,0,0,0,0,0,278.66178177702,69.6654454442551,0,0,417.992672665531,0,0,0,237.495836741778,49.7610324601821,673.432639294466,0,0,580.545378702126,0,0,0,0,0,0,220.607243906808,0,0,0,0,0,0,0,0,0,208.996336332765,0,0,0,0,0,298.566194761094,0,0,0,0,0,0,0,645.05042078014,0,0,0,0,0,0,0,0,0,0,197.385428758723,0,0,417.992672665531,0,0,0,0,0,0,0,0,0,0,0,0,464.436302961701,0,0,0,58.0545378702126,0,0,0,0,0,0,0,0,0,0,0,0,0,0,0,0,0,0,0,0,0,626.989008998296,0,0,394.770857517446,0,0,0,232.21815148085,0,0,162.552706036595,0,0,859.207160479146,0,208.996336332765,0,0,0,0,0,0,0,185.77452118468,0,0,0,0,0,0,0,0,0,0,0,0,0,0,0,0,0,0,0,0,0,0,0,0,0,0,139.33089088851,0,0,0,0,0,0,0,0,0,0,0,0,0,0,0,0,0,0,0,0,0,0,0,0,0,0,0,0,0,0,0,0,0,0,0,0,0,0,0,0,0,0,0,0,0,0,0,0,301.883596925105,0,0,0,0,0,0,0,0,0,0,255.439966628935,0,0
"407872",115582.622784803,0,655.696747722464,0,2036.68021857149,26.6002737412764,13911.0564908962,4669.92117606257,10491.1479635594,591.412752847713,1438.05677423518,1542.81587699403,0,441.603095226554,0,175.505509816782,12599.6629954513,2365.65101139085,1221.39590262028,0,580.936842571828,3495.14461022723,1581.38627391888,2095.6582329169,3239.91334168747,0,3239.91334168747,785.693270691407,5322.71477562942,155.097892396226,195.913127237338,0,507.129292900816,1171.39723993992,1517.10227904413,809.978335421868,2185.65582574155,0,385.703969248508,0,1799.95185649304,695.21950012694,0,501.415160023061,2339.93741344095,0,0,1671.38386674354,1992.80384111729,1259.96629954513,64.2839948747514,0,2468.50540319045,1105.68471184572,0,1710.51325492817,355.092543117674,2134.22862984175,0,0,0,1877.09265034274,0,22.3596503912179,2542.78913060128,751.628247766323,668.553546697415,1131.39830979562,488.558361048111,1517.10227904413,0,175.505509816782,1542.81587699403,443.33789568794,0,0,912.83272722147,0,977.116722096221,899.97592824652,0,1414.24788724453,604.269551822663,1208.53910364533,874.262330296619,0,228.565315110227,128.567989749503,0,0,0,0,302.032737824228,0,0,0,0,0,128.567989749503,0,192.851984624254,0,78.5693270691407,0,0,591.412752847713,0,0,0,0,240.809885562561,0,694.267144647315,591.412752847713,321.419974373757,0,0,0,0,0,60.9006267234487,1427.10468621948,2751.35498063936,0,0,42.8559965831677,0,57.8555953872763,1054.25751594592,183.668556785004,0,0,0,964.259923121271,0,0,681.410345672365,85.7119931663351,771.407938497017,359.990371298608,0,0,361.89508225786,85.7119931663351,334.276773348707,0,1095.20880156984,0,265.430688515103,122.445704523336,0,0,0,1157.11190774553,0,0,0,0,0,0,0,0,0,0,0,231.422381549105,92.568952619642,77.1407938497017,0,0,0,102.854391799602,0,0,685.695945330682,0,0,0,0,719.980742597216,0,0,0,0,0,0,0,385.703969248508,0,0,0,591.412752847713,0,1722.81106264334,0,0,0,0,51.4271958998011,372.847170273558,0,0,0,0,0,0,102.03808710278,0,462.84476309821,0,0,1105.68471184572,0,0,0,142.853321943892,0,0,0,0,0,174.188889338036,0,0,0,0,0,977.116722096221,0,0,0,0,0,51.4271958998011,0,0,0,54.1338904208434,0,0,0,334.276773348707,0,0,30.2512917057653,0,0,0,0,0,0,25.7135979499006,0,0,0,0,0,0,0,437.13116514831,0,0,0,0,0,0,0,539.985556947912,0,0,221.422649013033,352.3715274616,179.995185649304,0,0,0,141.424788724453,0,0,0,0,0,73.4674227140017,0,0,0,347.133572323658,128.567989749503,0,0,385.703969248508,0,0,0,81.8159934769563,0,462.84476309821,0,0,0,0,0,0,0,0,0,179.995185649304,0,0,205.708783599204,694.267144647315,437.13116514831,0,0,231.422381549105,0,0,0,0,131.425056188381,0,0,0,0,0,0,0,0,0,0,0,0,0,0,0,0,0,0,0,0,0,0,0,0,925.68952619642,0,0,0,0,0,0,0,0,308.563175398807,0,0,0,0,0,0,0,0,0,0,231.422381549105,154.281587699403,0,0,0,0,0,0,0,0,0,257.135979499006,0,0,0,0,0,0,0,0,0,0,0,0,0,0,0,0,0,0,0,0,0,0,0,61.222852261668,0,0,0,0,0,0,0,0,0,0,0,0,0,0,0,0,231.422381549105,0,0,0,0,0,0,0,0,0,0,0,0,0,668.553546697415,0,0,0,0,0,0,0,0,0,0,0,0,0,0,0,0,0,0,102.854391799602,0,0,0,0,0,0,0,0,0,0,0,0,0,437.13116514831,0,0,0,0,0,0,0,0,0,0,0,0,0,0,0,0,0,0,0,0,0,0,0,0,0,0,0,0,0,0,0,0
"408031",359523.236813601,0,7145.28655175179,0,7382.50032761614,344.370916488124,17881.0498732691,6949.30987696543,15075.2468346444,10700.0963337381,7256.69084691378,1620.42611144676,0,8405.00320708127,0,3962.99864212523,739.759746530046,6443.83579209563,18808.3915555264,240.513021039325,3328.9188593852,1514.74614765676,16121.4784761654,5017.15628093055,8322.29714846299,122.492685302053,6943.17362100341,1070.00963337381,784.673731140796,1026.60536253149,1011.5082248472,673.709769161291,3143.97892275268,1567.58612955176,3542.92078605996,7442.51144991119,6039.60993059886,0,3091.13894085768,5516.49410983833,3709.36672902922,2095.98594850179,110.963961979506,3828.25668829298,3328.9188593852,1307.78955190133,0,3471.5868105017,2044.90729933662,3709.36672902922,2948.47098974117,0,6705.39370247589,4089.81459867324,43.7296401889681,413.530293091328,551.045525476462,2996.02697344668,0,3709.36672902922,2472.91115268615,3994.70263126224,0,2936.06508094843,0,2743.61444454824,808.451722993547,2282.68721786413,2758.24705491916,0,1854.68336451461,656.725489266467,1997.35131563112,836.329368614014,2615.57910380265,0,2615.57910380265,1307.78955190133,2330.24320156964,1379.12352745958,0,0,0,2282.68721786413,2377.79918527514,1236.45557634307,392.525579791451,1664.4594296926,352.266545966688,291.472158195017,0,339.685597896448,460.462699370741,1093.78762522656,0,0,1093.78762522656,0,927.341682257304,488.074569609106,1402.90151931233,2472.91115268615,290.619900422517,0,1521.79147857609,903.563690404553,475.559837055028,382.515521109479,0,369.879873265022,271.748478317159,0,760.895739288045,618.227788171536,0,0,594.449796318785,68.9217155152214,0,356.669877791271,0,0,0,1093.78762522656,0,594.449796318785,0,107.000963337381,0,0,0,0,0,0,224.569923053763,1093.78762522656,0,377.428442107165,206.765146545664,356.669877791271,0,422.719855160025,387.493200563356,0,856.00770669905,951.119674110056,0,0,398.856637530024,75.4856884214331,334.653218668353,0,0,0,0,126.815956548008,766.179737477545,0,2531.65677961647,0,0,0,0,0,214.001926674763,380.447869644022,47.5559837055028,760.895739288045,796.045814200807,0,0,118.889959263757,0,1093.78762522656,0,264.199909475016,0,0,1093.78762522656,713.339755582542,0,0,0,0,0,0,140.906618386675,0,309.113894085768,0,0,0,380.447869644022,0,0,0,0,0,0,0,0,0,0,169.08794206401,0,0,0,0,475.559837055028,132.099954737508,317.039891370019,0,0,0,47.5559837055028,0,290.619900422517,0,0,0,665.783771877039,0,0,0,0,475.559837055028,523.115820760531,0,0,0,0,0,0,0,0,0,0,0,0,0,0,190.223934822011,0,0,0,0,0,0,0,0,0,475.559837055028,0,0,261.557910380265,0,0,0,0,0,0,0,0,1664.4594296926,214.001926674763,0,0,0,166.44594296926,0,0,0,0,0,0,0,0,0,0,0,0,0,0,0,0,0,0,142.667951116508,321.002890012144,0,0,0,0,0,97.2736030339832,0,0,0,0,0,0,0,0,0,0,0,0,0,0,0,0,0,0,0,0,0,0,951.119674110056,0,0,0,0,249.102771790729,0,0,0,0,0,0,0,52.8399818950031,0,0,0,380.447869644022,0,0,0,0,0,0,0,0,0,0,0,0,0,0,0,0,0,309.113894085768,0,0,0,0,0,0,0,0,0,0,0,0,0,0,0,0,0,0,0,0,0,0,0,0,0,0,0,0,0,0,0,0,0,0,0,0,0,0,0,0,0,0,0,0,0,0,0,0,0,0,0,0,0,0,0,0,0,0,0,0,0,0,0,0,0,0,0,0,0,0,0,0,0,0,0,0,0,0,0,0,903.563690404553,665.783771877039,0,0,0,0,0,0,0,0,0,0,0,0,0,237.779918527514,0,0,0,0,0,0,0,0,0,0,0,0,0,0,0,0,0,0,0,0,0,0,0,0,0,0,0,0,0,0,0,0,0,0,618.227788171536,0,0,0,0,0,0,0,0,0,0,0,0
"408040",374503.084420977,0,69220.4758633723,0,10823.5441770835,1224.64670107087,19710.6886537356,19934.0879148504,19311.1476675113,49876.0331136756,17510.7469271174,2663.60657482914,0,15084.1198422389,2696.9016570145,3572.61516782638,838.542810594359,21109.0821055209,44282.4593065345,1102.18203096378,8928.01463044581,937.194905958401,32163.0493910619,13251.442709775,6659.01643707285,928.226533652579,0,4291.36614833583,1664.75410926821,1289.52381797284,1965.99532904056,4217.37707681281,5771.14757879646,2318.32424105499,14183.7050109652,14117.1148465944,0,0,5194.03282091682,0,0,3255.51914701339,0,3329.50821853642,4528.13117720954,2863.37706794133,0,7724.45906700451,5859.93446462411,4128.59019098517,16381.1804351992,0,13983.934517853,9122.8525187898,61.2323350535435,636.949398328707,739.890715230317,2663.60657482914,0,7458.09840952159,4861.08199906318,5793.34430025338,0,10017.4769009878,0,3073.39220172593,1464.98361615603,3995.40986224371,3729.0492047608,0,0,1226.10461381024,2663.60657482914,642.939518062206,4661.31150595099,10521.2459705751,9522.39350501417,2197.47542423404,0,5194.03282091682,0,0,0,0,0,0,570.772837463388,1464.98361615603,0,773.305134627815,0,0,0,3129.73772542424,0,0,0,1273.89879665741,1398.3934517853,841.138918367097,4994.26232780464,3329.50821853642,628.907107945769,0,0,2397.24591734623,1265.21312304384,1042.28083362879,0,443.93442913819,782.170184672048,0,0,0,0,0,2130.88525986331,0,0,0,0,0,0,2330.6557529755,0,1368.79782317609,0,199.770493112185,0,0,0,0,0,0,998.852465560927,0,0,380.515224975592,2316.17963028621,466.131150595099,0,0,937.194905958401,0,0,3795.63936913152,0,0,1031.07351283709,0,0,0,0,0,0,0,1220.81968013002,0,1488.4860271104,0,0,0,0,0,599.311479336556,0,0,4927.67216343391,0,0,0,0,0,0,0,0,1132.03279430238,1331.80328741457,2863.37706794133,0,1464.98361615603,0,0,0,0,0,986.520953640422,0,0,0,0,0,0,0,0,0,0,173.713472271466,0,0,0,0,0,0,0,212.316466109568,0,0,0,110.983607284547,0,0,0,0,133.180328741457,0,702.896179468801,0,0,0,0,0,0,0,0,0,0,0,0,0,0,0,0,0,0,0,0,0,394.608381456168,0,0,665.901643707285,99.8852465560927,0,0,1031.07351283709,0,0,0,0,0,0,0,0,865.67213681947,0,0,0,0,0,0,0,0,0,0,0,0,0,532.721314965828,0,0,0,0,932.262301190199,0,0,0,0,0,0,0,0,0,0,0,0,0,0,0,0,0,0,0,0,151.341282660747,0,0,0,0,0,0,0,0,0,0,0,0,0,0,0,0,0,0,0,0,0,0,0,0,0,0,231.617963028621,0,0,0,0,0,0,0,0,0,0,0,0,0,0,0,0,0,0,0,0,0,0,0,0,0,0,0,0,0,0,399.540986224371,0,0,0,0,0,0,0,0,0,0,0,0,0,0,0,0,0,0,0,0,0,0,0,0,0,0,0,0,0,0,0,0,0,0,0,2663.60657482914,0,0,0,0,0,0,0,0,0,0,0,0,0,0,0,0,0,0,0,0,0,0,0,0,0,0,0,0,0,0,0,0,0,0,0,0,0,0,0,0,0,0,0,0,0,0,0,0,0,0,0,0,0,0,0,0,0,0,0,0,0,0,0,0,0,0,0,0,0,0,0,0,0,0,0,0,0,0,0,0,0,0,0,0,0,0,0,0,0,0,0,0,0,0,0,0,0,0,0,0,0,0,0,0,0,0,0
"408231",277961.688285341,0,11394.4514845301,0,7006.26239492095,10766.9803866606,19687.4546359928,6872.77470721797,15642.0872450353,15192.6019793734,6425.97453872248,1897.82667723928,2562.58266400368,6839.9931731164,269.691159397161,3738.57586042626,532.723277821553,19867.2487422575,23642.9249738178,16873.7802028951,3229.63487179316,1231.92257996234,20136.9399016547,3955.47033782503,4944.33792228129,0,8540.22004757677,1623.14123711255,674.227898492903,827.623663758484,870.431784297715,1348.45579698581,4794.50950039397,2130.89311128621,3730.72770499406,9214.44794606967,0,0,2696.91159397161,0,5393.82318794322,2497.14036478853,359.588212529548,3865.57328469264,3236.29391276593,1618.14695638297,402.986789903804,5888.25698017135,1618.14695638297,2247.42632830968,4225.16149722219,0,10158.3670039597,6112.99961300232,444.318768355476,312.685402199607,556.505567010015,2517.11748770684,0,3910.52181125884,2831.75717367019,5079.18350197987,0,1680.68403682288,0,4978.91371194759,539.382318794322,1977.73516891251,2876.70570023639,0,2876.70570023639,756.276796193097,2696.91159397161,402.986789903804,3056.49980650116,1033.81611102245,4270.11002378838,2112.5807486111,1797.94106264774,2067.6322220449,0,0,0,2786.808647104,0,0,399.542458366164,3865.57328469264,0,0,0,0,585.04431403617,2786.808647104,0,0,1168.66169072103,0,3123.92259635045,591.427981134125,2831.75717367019,2337.32338144206,624.285091197132,0,1078.76463758864,1977.73516891251,943.919057890064,1758.85538737279,0,413.811831879242,399.542458366164,0,629.279371926709,0,0,0,719.176425059096,0,0,0,0,0,0,809.073478191483,0,474.456669309821,0,0,0,0,0,0,112.371316415484,0,299.656843774623,1528.24990325058,0,385.273084853088,0,809.073478191483,0,0,566.0184826854,0,0,2112.5807486111,0,0,0,0,0,0,0,0,164.600238129723,0,1223.59877874638,0,0,0,185.993903032525,0,0,0,0,809.073478191483,0,0,683.99931731164,0,0,0,0,0,0,332.95204863847,404.536739095742,0,0,0,0,0,156.342701099804,0,0,0,0,0,404.536739095742,0,0,0,0,0,0,0,0,0,0,0,0,0,0,0,0,495.085220149378,0,0,0,0,0,0,0,0,89.897053132387,0,549.370880253476,0,0,0,0,0,539.382318794322,0,0,0,0,0,0,0,0,1168.66169072103,0,0,0,413.319784516722,0,0,332.95204863847,0,0,269.691159397161,561.856582077419,0,0,0,0,119.862737509849,0,0,0,0,0,0,0,0,0,0,0,449.485265661935,0,0,0,0,0,0,0,0,134.845579698581,0,0,0,0,0,0,0,0,0,0,809.073478191483,0,0,0,0,0,0,0,0,719.176425059096,0,0,0,0,0,0,0,0,0,0,0,0,0,0,0,0,0,0,0,0,0,0,0,0,449.485265661935,0,0,0,898.97053132387,0,0,0,0,0,0,0,0,0,0,0,0,0,0,0,0,0,0,0,0,0,0,0,0,0,0,0,0,0,0,0,0,0,0,0,0,0,0,0,0,0,0,0,0,0,0,0,0,0,0,0,0,0,0,0,0,0,0,0,0,0,0,0,0,0,0,0,0,0,0,0,0,0,0,0,0,0,0,0,0,0,0,0,0,0,0,0,0,0,0,0,0,0,0,0,0,0,0,0,0,0,0,0,0,0,0,0,0,0,0,0,0,0,0,1078.76463758864,0,0,0,0,0,0,0,0,0,0,0,0,0,0,0,0,0,0,0,0,0,0,0,0,0,0,0,0,0,0,0,0,0,0,0,0,0,0,0,0,0,0,0,0,0,0,0,0,0,0,0,0,0,0,0,0,0,0,0,0,0,0,0
"408386",173395.796369377,240.692961290081,9027.3069243851,158.505120849565,859.338168415455,16073.5933661522,14147.4626198284,1960.57767760519,11900.2122397835,689.497275695609,2572.60986267772,680.984963649982,4115.26258205723,555.150785584226,1302.38374298059,453.989975766656,1380.88617629024,663.960339558735,1506.67923207559,23834.4737277495,1721.37865811524,1267.38868234858,2221.71344390807,995.940509338102,4188.0575264474,0,4443.42688781615,156.059054169788,383.054042053116,0,97.2835662357118,0,269.556548111452,1059.30994345553,1072.55131774873,1557.75310434934,0,0,612.886467284986,0,0,870.147453552756,0,459.664850463739,2553.69361368744,561.812595011237,2266.03617214564,0,0,1685.43778503371,204.295489094995,0,1940.80714640245,1200.2359984331,4226.80322265508,177.648251386952,316.171590266064,1685.43778503371,0,0,0,1072.55131774873,0,88.8241256934762,529.654971727767,1257.20300981535,817.181956379981,1327.92067911747,0,0,0,0,1430.06842366497,0,0,0,459.664850463739,587.349531148111,1123.62519002247,766.108084106232,0,0,0,0,0,0,0,229.83242523187,0,164.754426689512,86.3220376457725,0,194.567132471424,0,503.336712263032,0,817.181956379981,0,0,0,0,1123.62519002247,0,0,0,766.108084106232,0,0,0,0,0,0,0,0,0,0,127.684680684372,5336.84955208301,0,0,67.2024635180905,715.034211832483,0,0,0,0,0,76.6108084106232,1327.92067911747,129.711421647616,0,0,280.906297505618,893.792764790604,0,0,0,48.641783117856,0,127.684680684372,0,0,56.748746970832,0,510.738722737488,0,0,0,247.131640034268,0,0,0,0,0,0,90.7979951533313,0,0,0,0,569.444323052141,0,1430.06842366497,0,0,0,20.4295489094995,0,0,0,0,0,0,0,0,0,0,0,0,0,0,193.728481038357,0,0,0,0,0,0,127.684680684372,780.784484184897,0,408.59097818999,0,0,0,0,2119.56569936058,0,0,0,2257.61319470918,0,0,0,0,281.276398029341,0,0,0,0,0,0,0,204.295489094995,485.201786600614,0,0,0,0,0,0,0,76.6108084106232,0,0,0,0,0,0,0,1576.6282310592,0,0,0,0,722.078883870244,0,0,0,0,0,0,0,0,0,0,0,0,0,0,0,459.664850463739,0,2094.0287632237,0,0,0,0,0,0,0,0,0,0,0,0,0,0,0,0,0,0,0,0,0,0,0,0,0,0,127.684680684372,0,0,0,0,0,0,561.812595011237,0,0,0,0,0,0,0,638.42340342186,0,0,0,0,0,0,0,0,0,0,0,0,0,0,0,0,0,0,0,0,0,0,0,0,0,0,0,0,0,0,0,553.30028296561,0,0,0,0,0,0,0,0,0,0,0,0,0,0,0,0,0,0,0,0,0,0,0,0,0,0,0,0,0,0,0,0,0,0,0,0,0,0,0,0,0,0,1481.14229593872,0,0,0,0,0,0,0,0,0,0,0,0,0,0,0,0,0,0,0,0,0,0,0,0,0,0,0,0,0,0,0,0,0,0,0,0,0,0,0,0,0,0,0,0,0,0,0,0,0,0,0,0,0,0,0,0,0,0,0,0,0,0,0,0,612.886467284986,0,0,0,0,0,0,0,0,0,0,0,0,0,0,536.275658874363,0,0,0,0,0,0,0,0,0,0,0,0,0,0,0,0,0,0,0,0,0,0,0,0,0,0,0,0,0,0,0,0,0,0,0,0,0,0,0,0,0,0,0,0,0
"408396",194167.757836985,0,13040.2417087023,0,1084.50508983483,4363.49687976864,12490.4484643321,3526.39074372101,11358.8351846576,971.479325003609,3258.03404071215,948.941953605478,417.207238223099,357.400420569889,2241.87536539294,291.460742893112,1708.09551648986,704.589400552068,1515.93477088475,836.868636671039,2000.68595218488,1391.7815319547,2305.92894726131,1750.79790440211,4035.3756577073,0,4505.10192474201,243.166375611404,789.994176376561,338.907840573386,155.897606663757,0,302.475247711747,1296.88733659415,1313.09842830158,1793.50029231435,3501.59580880422,0,918.101340113301,2903.76237803276,2135.11939561233,632.627969070319,0,427.023879122465,2861.05999012052,555.131042859205,746.064708351894,469.726267034712,587.15783379339,1857.55387418272,213.511939561233,0,1601.33954670925,1323.77402527964,2476.24766686533,371.325112280405,196.566547532564,1793.50029231435,0,0,0,768.642982420438,0,194.945683947213,616.812269843561,1034.71170710444,1088.91089176229,1515.93477088475,875.398952201054,1708.09551648986,1110.26208571841,84.7269601433464,1088.91089176229,434.386359796991,0,0,448.375073078589,822.020967310746,918.101340113301,704.589400552068,0,1323.77402527964,0,1430.52999506026,789.994176376561,1729.44671044599,189.788390721096,266.889924451541,0,268.611794931873,66.1586291598185,108.450508983483,145.730371446556,0,764.310856110501,0,0,0,96.0803728025547,0,42.7023879122466,960.803728025547,41.5162104702396,0,1024.85730989392,597.833430771452,0,0,0,0,101.672352172016,0,512.428654946959,362.970297254096,224.187536539294,0,0,55.6987668420606,0,0,140.468381290285,789.994176376561,149.458357692863,0,0,0,768.642982420438,186.822947116079,768.642982420438,0,0,0,16.0133954670925,693.913803574006,71.1706465204108,0,0,44.05801927454,83.5481502630911,138.782760714801,469.726267034712,0,173.972691494338,0,362.970297254096,0,0,0,358.149059909165,61.0034113032094,0,0,0,1174.31566758678,0,75.9153562884384,0,0,0,0,112.891370342721,0,0,0,53.3779848903082,149.458357692863,21.3511939561233,106.755969780616,0,0,0,0,405.672685166342,0,355.853232602055,0,0,0,0,725.940594508191,0,0,352.758856666385,0,1131.61327967453,0,0,298.916715385726,0,530.09860856582,0,533.779848903082,0,1067.55969780616,0,0,0,0,0,0,0,0,811.345370332684,0,0,612.686435262667,0,0,234.863133517356,0,0,298.916715385726,0,170.809551648986,32.0267909341849,0,77.1015337304451,0,0,0,0,0,1430.52999506026,0,0,0,277.565521429603,661.887012639821,469.726267034712,0,0,811.345370332684,0,55.5131042859205,0,24.5416022484175,0,28.0936762580569,55.3549472936529,0,0,0,26.6889924451541,0,0,0,0,0,384.321491210219,0,0,10.6755969780616,0,85.4047758244931,0,0,0,0,0,0,0,0,0,362.970297254096,0,0,0,0,0,0,0,0,0,0,0,0,0,0,0,0,0,85.4047758244931,0,0,0,234.863133517356,256.214327473479,128.10716373674,0,0,0,0,0,0,0,114.381396193518,661.887012639821,0,0,277.565521429603,0,0,0,0,0,0,0,0,0,0,0,491.077460990835,0,683.238206595945,0,0,277.565521429603,0,0,0,0,0,0,0,0,0,0,0,0,0,0,0,0,0,0,0,0,0,0,0,0,0,0,0,0,0,0,0,0,0,0,0,0,0,0,448.375073078589,0,0,0,0,0,0,0,0,96.0803728025547,0,0,0,0,0,0,0,0,0,0,0,0,0,0,0,0,0,0,0,0,0,192.160745605109,0,0,0,0,0,0,0,0,0,0,0,0,0,0,0,0,0,0,0,106.755969780616,0,0,0,0,0,0,0,0,0,42.7023879122466,0,0,192.160745605109,0,0,0,597.833430771452,0,0,0,0,0,0,0,0,0,0,0,0,0,0,0,0,0,0,0,0,0,0,0,0,0,0,0,0,0,0,0,0,170.809551648986,0,0,0,0,0,0,0,0,0,0,0,0,0,0,0,0,0,0,0,0,0,0,0,0,0,0,0,0,0,0,0,0,0,0,0,0,0,0,0
"433238",567859.462730195,4088.32239070201,39551.3251281742,2342.26803633969,8596.0898944051,0,16302.1855329243,11533.4377120762,22353.7544049946,10404.9934177945,42951.0443754655,25912.424535358,802.049357898135,1906.21734657052,11748.0712031774,107.818687387065,4985.79748341398,4075.54638323107,3180.16119297576,0,24357.2216506233,7478.69622512097,3025.78443603518,14789.2933149067,11732.6335274834,308.753513881141,10127.1152553014,1303.62594749815,2099.52389439176,2126.96865118119,2097.56355462109,0,325.906486874538,2515.76937236485,2871.40767909461,1482.01686662948,8953.8519025531,0,3643.29146379747,9015.60260532933,5187.05903320317,983.437118288078,0,2192.1499485561,3519.79005824501,1945.14713745119,56.7822554264168,0,2099.52389439176,4384.29989711221,1018.88659580777,0,0,0,0,536.962632836767,1097.79027157739,3334.53794991633,2037.77319161553,1111.51264997211,864.509838867196,0,0,859.14021253883,5328.85694328192,1662.51892089845,4507.80130266466,3087.53513881141,2099.52389439176,3396.28865269255,3025.78443603518,450.878147255,2470.02811104913,0,0,0,895.38519025531,1543.76756940571,1729.01967773439,1235.01405552457,0,0,1142.38800136022,2902.28303048273,1790.77038051062,2531.77881382536,0,61.7507027762283,0,1772.84275712397,0,0,382.266255281413,802.759136090967,26.8481316418384,0,3396.28865269255,0,0,0,0,0,0,0,1729.01967773439,1235.01405552457,247.002811104913,0,0,0,166.628880507283,0,864.509838867196,0,833.634487479081,0,0,0,0,648.382379150397,146.251664470014,0,617.507027762283,586.631676374168,0,188.682702927364,0,849.072163173139,0,294.050965601087,0,0,0,0,0,0,0,499.886641521847,0,0,0,0,228.706306578623,360.212432861331,864.509838867196,0,0,0,597.587446221564,0,0,0,0,2593.52951660159,0,0,0,0,0,0,0,0,0,0,0,0,49.4005622209826,0,0,0,0,0,0,0,0,0,0,617.507027762283,0,0,0,0,0,0,2531.77881382536,0,0,0,0,0,91.4825226314492,494.005622209826,0,0,0,0,0,0,0,0,0,0,0,178.390919131326,127.422085093804,0,0,0,0,85.7648649669838,205.835675920761,0,0,0,648.382379150397,0,0,0,154.376756940571,0,0,0,0,0,679.257730538511,0,0,0,0,0,0,0,0,0,0,0,548.895135788696,0,0,0,0,0,0,0,48.4319237460614,99.5979077035939,0,0,0,0,0,0,0,0,185.252108328685,0,0,0,0,494.005622209826,0,0,0,0,154.376756940571,0,0,0,0,0,394.518378848125,0,0,0,0,0,0,0,0,0,0,0,0,0,0,0,0,679.257730538511,0,0,0,0,0,741.008433314739,0,0,0,0,0,0,0,0,0,329.337081473217,0,0,0,0,0,0,0,0,0,0,0,0,0,0,0,0,0,0,0,0,0,0,0,0,0,0,0,0,0,0,0,0,0,0,0,0,0,0,0,0,0,0,0,0,0,0,0,0,0,0,0,0,0,0,0,0,0,0,0,0,0,0,41.1671351841522,0,0,0,0,0,0,0,0,0,0,0,0,0,0,0,0,0,0,0,0,0,0,0,0,0,0,0,0,0,0,0,0,0,0,0,0,0,0,0,0,0,0,0,0,0,0,1914.27178606308,0,0,0,0,0,0,0,0,0,0,0,0,0,0,0,0,0,0,0,0,0,0,0,0,0,0,0,0,0,0,0,0,0,0,0,0,0,0,0,0,0,0,0,0,0,0,0,0,0,0,0,0,0,0,0,0,0,0,0,0,0,0,0,0,0,0,0,0,0,0,0,0,0,0,0,0,0,0,0,0,0,0
"433246",299657.611531817,2398.69545186459,24809.3810223604,530.973362160317,2688.57940522446,0,8550.06842910256,14718.5094804609,11670.2355809552,7921.98283359976,19945.6572622034,24913.3115539938,1420.58662683242,2105.36405785649,10971.2370956375,38.5920488788199,1260.67359670812,3768.51357301677,6564.50751428727,0,10925.837838137,4532.42174054586,5510.94457989549,12966.9284232835,5308.33632328168,1203.3702514032,4376.33834285818,585.312741328767,688.868072486936,1144.89745007166,1588.70601217809,0,270.14434215174,1245.66557769969,3241.73210582088,2694.6898129636,5105.72806666788,0,3039.12384920707,4214.25173756714,3282.25375714364,1230.65755869126,0,830.693852116599,3606.42696772572,1539.82275026492,41.9189496442355,891.476329100741,2248.95164841323,2877.03724391603,1904.51761216976,520.027858642097,0,1357.47531931249,0,669.488152289095,463.104586545838,1539.82275026492,5895.90026746172,1256.17119100559,2897.29806957741,972.519631746263,0,510.925168852203,1620.86605291044,0,2066.60421746081,1661.3877042332,2714.95063862498,0,2350.25577672013,154.36819551528,2107.12586878357,0,4173.73008624438,0,1053.56293439178,0,1296.69284232835,1256.17119100559,0,0,1479.04027328077,1742.43100687872,0,931.997980423502,147.93618736881,0,0,1411.72204608329,0,257.2803258588,0,648.346421164175,0,32.4173210582088,1499.30109894215,0,0,0,587.563944180034,0,0,0,0,688.868072486936,101.304128306902,0,0,64.3200814647,0,0,850.95467777798,1296.69284232835,506.520641534512,0,162.086605291044,0,0,0,330.571366054103,0,283.651559259327,486.259815873131,2431.29907936566,146.328185332192,0,861.08509060867,0,0,0,0,0,0,202.608256613805,972.519631746263,0,0,0,0,445.73816455037,0,90.0481140505798,101.304128306902,607.824769841414,0,0,283.651559259327,810.433026455219,64.3200814647,0,0,0,0,0,0,0,0,0,0,0,0,0,0,222.869082275185,1053.56293439178,0,0,0,0,0,0,0,0,0,210.11226611802,324.173210582088,0,0,0,0,0,0,0,0,0,150.0801900843,0,0,0,195.10424710959,607.824769841414,0,0,0,0,0,0,0,0,0,526.781467195892,0,72.038491240464,0,0,0,0,0,45.0240570252899,135.07217107587,0,0,121.564953968283,20.2608256613805,0,0,0,222.869082275185,0,0,0,0,0,0,0,0,0,0,0,0,0,0,0,0,0,570.30472232034,0,0,0,0,121.564953968283,0,0,95.3450619359082,104.572003413577,0,94.5505197531087,0,0,0,20.2608256613805,0,0,0,0,0,0,0,0,0,0,0,0,263.390733597946,0,0,0,0,0,0,0,0,0,0,0,0,0,0,0,0,283.651559259327,0,0,209.594748221177,0,0,283.651559259327,0,0,0,0,0,0,0,0,0,0,0,0,0,0,0,621.331986949,445.73816455037,0,0,0,0,0,0,0,261.430008533942,0,0,0,0,0,0,0,0,0,0,0,0,0,465.998990211751,0,0,0,0,0,0,0,0,0,0,0,0,0,0,0,0,0,0,0,0,0,0,0,0,0,0,0,0,0,0,0,587.563944180034,0,0,0,0,0,0,0,0,0,0,0,0,0,0,0,0,0,0,0,0,0,0,0,0,0,0,0,0,0,0,0,0,0,0,0,0,0,0,0,0,0,0,0,0,0,0,0,0,0,0,0,0,0,0,0,0,0,0,0,0,0,0,0,0,0,0,0,0,0,0,0,0,0,0,0,0,0,0,0,0,0,0,0,0,0,0,0,0,0,0,0,0,0,0,0,0,0,0,0,0,0,0,0,0,0,0,0,0,0,0,0,0,0,567.303118518653,0,0,0,0,0,0,0,0,0,0,0,0,0,0,0,0,0,0,0,0,0,0,0
"433310",326301.404404954,1749.41597672531,7085.55523842422,1166.27731781687,8416.79484650673,0,29610.5475368227,18379.7202120471,19659.0620384507,2317.13510378761,25258.1276810533,5004.65047757638,437.353994181328,774.145824148721,1548.8218851633,30.9725661324994,13947.9789483356,2902.51660369185,1804.9262913714,0,12430.3232078431,16441.2705220018,2048.83524966483,14707.710185094,9561.23116510256,0,8097.77741534197,1002.73682853967,22195.7152047024,1564.11458969122,1780.92255261871,0,325.211944391244,5058.85246830825,3024.47108283857,1219.54479146716,5122.08812416209,0,1268.32658312585,5073.3063325034,3756.19795771886,1192.44379610122,0,1073.1994164911,2634.21674956907,0,50.4639224055378,4048.88870767098,3243.98914530266,2682.99854122776,317.081645781463,0,9073.4132485157,1365.89016644322,0,2417.88010830012,1765.43626955247,4097.67049932967,0,0,0,1439.06285393125,0,190.885271707904,6775.24884148425,1988.79612146953,2829.34391620382,1414.67195810191,1414.67195810191,1561.01733307797,1804.9262913714,449.102208921241,2731.78033288645,0,0,0,902.463145685701,1780.53539554206,1414.67195810191,1121.98120814979,0,2048.83524966483,0,1902.48987468878,2292.74420795827,1951.27166634746,805.286719444984,0,0,1101.52432777679,0,317.468802858119,1246.6457868331,292.690749952119,141.39649756141,0,1414.67195810191,0,0,0,0,1951.27166634746,0,0,1463.4537497606,1268.32658312585,0,0,0,0,696.882737981237,0,536.599708245552,0,439.036124928179,0,0,0,0,0,166.885076727086,1804.9262913714,585.381499904239,0,0,0,0,134.149927061388,1170.76299980848,611.708181116861,0,0,0,682.945083221612,0,0,1975.66256217681,418.129642788742,233.304220976327,1024.41762483242,0,0,397.481265367076,609.772395733582,780.508666538985,0,0,0,1258.88494603062,1076.29667310436,722.693209758319,0,0,0,54.9653990520411,271.00995365937,0,0,0,0,0,0,1463.4537497606,0,0,0,351.228899942543,0,0,0,0,0,0,439.036124928179,0,90.3366512197898,0,0,0,878.072249856358,0,151.391767216613,0,0,0,0,0,0,219.518062464089,0,0,0,0,0,0,0,0,0,0,804.899562368328,0,0,0,0,503.304199653114,0,0,0,731.726874880298,135.504976829685,0,0,0,195.127166634746,24.3908958293433,0,0,0,0,0,0,975.635833173731,0,0,0,0,0,1268.32658312585,0,0,0,0,0,204.883524966483,0,0,0,51.3492543775649,271.00995365937,0,0,0,0,0,0,0,0,0,0,0,0,0,0,0,0,0,0,0,0,731.726874880298,0,0,0,0,0,0,0,0,0,0,542.019907318739,0,487.817916586865,0,0,0,0,0,0,0,0,0,565.249331918115,0,0,0,0,48.7817916586866,0,0,0,0,0,0,0,0,0,0,0,0,0,0,0,0,0,0,0,0,0,0,0,0,0,0,0,0,390.254333269492,0,0,0,0,0,0,0,0,0,0,0,0,0,0,0,853.681354027015,0,0,0,0,0,0,0,0,585.381499904239,0,0,0,0,0,0,0,0,0,0,0,0,0,0,0,0,0,0,0,219.518062464089,0,0,0,0,0,0,0,0,0,0,0,0,0,0,0,0,0,0,0,0,0,0,0,0,0,0,0,0,0,0,0,0,0,0,0,0,0,0,0,0,0,0,0,0,0,0,0,0,0,0,0,0,0,0,0,0,0,0,0,1414.67195810191,0,0,0,0,0,0,0,0,0,0,0,0,0,0,0,0,0,0,0,0,0,0,0,0,0,0,0,0,0,0,0,0,0,0,0,0,0,0,0,0,0,0,0,0,0,0,0,0,0,0,0,0,0,0,0,0,0,0,0,0,0,0,0,0,0,0,0,0,0,0,0,0,0,0
"433318",497234.313611446,147.260327634021,49123.1819034497,38.178603460672,3231.15650104912,0,28944.835509398,8709.47192218269,22728.8134573798,5124.65940166391,40016.6305129929,1423.5165004622,92.7194655473464,907.749652468648,8054.73086511527,75.3183333577884,1089.60522257601,4673.87917651755,8303.84625269616,0,21194.5790068816,1511.38788937962,8493.64845275778,24840.3629330654,11340.6814536822,43.1368636503696,7781.89020252668,659.035416880648,18007.4837308468,1468.70750047687,1626.87600052823,0,184.529916726581,3708.17261231511,4958.58247660999,4673.87917651755,8968.15395291185,0,1518.41760049301,6405.82425207989,6026.21985195664,1230.19944484387,0,2277.62640073952,3558.79125115549,1020.18682533124,32.7245172520045,3962.12092628645,7473.46162742654,4080.74730132497,1186.26375038516,0,2847.0330009244,3392.71432610157,0,1444.14717438194,1310.53900042551,3179.18685103224,0,2538.60442582425,0,4175.64840135578,0,474.505500154066,1036.88238922555,1387.01607737342,4555.25280147903,2657.23080086277,1613.31870052382,1660.76925053923,2657.23080086277,218.423166737586,2182.7253007087,81.8112931300112,0,0,1826.84617559315,854.109900277319,1376.06595044679,1186.26375038516,3985.84620129415,2467.42860080114,877.835175285022,2135.2747506933,1898.02200061626,2562.32970083196,497.101000161404,0,0,795.944709935853,0,263.614166752259,647.737666876981,901.560450292725,0,0,1233.71430040057,0,0,0,0,1708.21980055464,0,0,2087.82420067789,1138.81320036976,0,0,0,0,384.12350012472,0,949.011000308132,521.956050169473,972.736275315835,0,0,0,0,379.604400123253,262.226723769352,0,189.802200061626,2325.07695075492,0,0,0,794.79671275806,901.560450292725,0,0,0,0,0,382.240541790776,0,0,165.700333387134,309.46010879613,545.681325177176,0,0,210.891333401807,777.661791919164,949.011000308132,0,0,0,673.49167763803,278.677833423816,369.059833453163,0,0,2135.2747506933,0,0,0,0,0,0,0,0,0,0,0,521.956050169473,104.391210033895,0,0,0,0,0,0,0,0,0,0,0,0,0,0,0,0,0,0,0,0,711.758250231099,0,0,0,379.604400123253,379.604400123253,0,0,0,0,0,0,260.978025084736,0,1138.81320036976,0,189.802200061626,195.82766673025,0,0,0,0,144.987791713743,0,0,0,189.802200061626,0,0,0,0,142.35165004622,379.604400123253,142.35165004622,0,0,0,403.329675130956,0,0,0,0,0,0,0,0,113.881320036976,0,0,0,0,105.445666700903,0,0,0,0,0,46.520147073928,0,0,0,0,0,0,0,0,0,142.35165004622,0,0,0,0,759.208800246506,0,189.802200061626,0,0,0,0,0,0,0,0,553.589750179745,0,0,0,0,0,0,0,0,0,0,0,173.232166722913,0,0,0,0,47.4505500154066,0,0,0,0,0,0,0,0,0,0,0,0,0,0,0,0,0,0,0,0,0,0,0,0,0,0,0,0,0,0,0,0,0,61.8920217592262,0,0,0,0,0,0,0,0,0,0,332.153850107846,0,0,0,0,0,0,0,0,0,0,0,0,0,0,0,0,0,0,0,0,0,0,0,0,0,0,0,0,0,0,0,0,0,0,0,0,0,0,0,0,0,0,0,0,0,0,0,0,0,0,0,0,0,0,0,0,0,0,0,0,0,0,0,0,0,0,0,0,0,0,0,0,0,0,0,0,0,0,0,0,0,0,0,0,0,0,0,0,0,0,0,0,0,0,0,0,0,0,0,0,0,0,0,0,664.307700215692,0,1091.36265035435,0,0,0,0,0,0,0,0,0,0,0,0,0,0,0,0,0,0,0,0,0,0,0,0,0,0,0,0,0,0,0,0,0,0,0,0,0,0,0,0,0,0,0,0,0,0,0,0,0,0,0,0,0,0,0,0
"433434",363428.534196501,15840.5340042738,496.063517074221,7626.26384007783,5447.84041072583,0,42103.3910116745,4930.63132898369,19656.516864066,4836.61929147366,3559.71505307891,907.153190945915,3937.86053424581,1988.29806435999,0,4847.44607458439,3617.12981199954,2836.8632382682,1612.20643049122,0,1067.91451592367,6396.00414375789,2216.78384192543,697.589320885624,11874.5204399642,0,9735.24652258159,1352.11757258078,1736.22230975977,999.016805218917,851.378853708734,25.8366415142824,990.404591380822,2342.5221639616,1457.18658140552,1209.15482286841,6200.79396342777,0,1054.13497378272,3906.50019695949,3565.45652897097,1102.36337127605,527.06748689136,1116.142913417,3689.47240823952,1984.25406829689,352.803794470891,2046.26200793116,1875.7401739369,3224.41286098244,93.0119094514165,0,5115.65501982791,1488.19055122266,0,2871.2372048046,669.292046846172,3720.47637805666,0,0,945.621079422734,635.581381251346,100.435395182281,1455.83858271782,711.943010615782,4102.06369888297,4030.51607622805,2015.25803811402,1519.1945210398,1612.20643049122,2387.30567591969,280.512107869351,2604.33346463966,449.023011144771,0,0,558.071456708499,1162.64886814271,1395.17864177125,1178.15085305128,0,3844.49225732522,0,1581.20246067408,2604.33346463966,2666.34140427394,295.27590302037,759.597260519901,0,0,0,851.378853708734,561.024215738703,0,170.746500442214,0,1860.23818902833,0,162.770841539979,0,434.055577439944,1736.22230975977,232.529773628541,0,1550.19849085694,1395.17864177125,1038.63298887415,107.839895016135,363.494818545766,457.677649681574,457.677649681574,0,496.063517074221,0,294.537713262819,0,0,0,0,62.0079396342777,277.403940469137,759.597260519901,0,0,0,111.958779895224,1457.18658140552,38.7549622714235,0,0,0,0,0,914.617109605595,292.8152704952,0,558.071456708499,206.693132114259,107.839895016135,542.56947179993,0,0,516.732830285648,146.4076352476,279.035728354249,0,0,155.019849085694,300.038417585215,63.9764456544134,608.59644455865,0,0,310.039698171388,52.4010757472768,365.157866735191,0,0,0,0,0,0,589.075426525638,0,0,248.031758537111,55.8071456708499,0,0,0,0,0,0,496.063517074221,0,91.8636142730039,0,0,604.577411434207,1178.15085305128,0,0,0,0,0,0,0,1240.15879268555,1007.62901905701,0,0,0,0,0,217.027788719972,0,0,40.4399606310508,0,0,0,868.111154879887,1116.142913417,0,123.031626258487,0,142.716686459845,0,403.051607622805,223.917559790447,0,0,93.0119094514165,465.059547257082,0,0,146.4076352476,0,0,341.043667988527,0,0,0,0,0,120.015367034086,0,403.051607622805,0,0,0,0,0,0,0,0,0,16.3178788511257,333.005601739638,0,0,62.0079396342777,69.7589320885624,0,0,0,0,20.6693132114259,496.063517074221,0,341.043667988527,0,0,0,0,0,0,1643.21040030836,0,744.095275611332,0,0,165.354505691407,0,0,0,0,0,0,0,0,0,0,0,0,0,372.047637805666,0,0,0,0,0,0,0,0,0,0,124.015879268555,0,0,0,0,465.059547257082,0,0,0,0,0,0,0,0,0,0,0,0,0,0,0,0,0,0,124.015879268555,0,0,0,0,0,0,0,358.268095664717,0,0,0,0,0,0,0,0,0,0,0,0,124.015879268555,0,0,0,0,0,0,0,0,0,0,0,0,0,0,0,0,0,0,0,0,0,0,0,0,0,0,0,0,0,0,0,0,0,0,0,0,310.039698171388,0,0,0,0,0,0,0,0,0,0,0,0,0,0,0,0,0,0,0,0,0,0,0,0,0,0,0,0,0,0,0,0,0,0,0,0,0,465.059547257082,0,0,0,0,0,0,0,0,0,0,0,0,0,0,0,0,0,0,0,0,0,0,0,496.063517074221,0,0,0,0,0,310.039698171388,0,0,0,0,0,0,0,0,0,0,0,0,0,0,0,0,0,0,0,0,0,0,0,0,0,0,186.023818902833,0,0,0,0,0,0,0,0,0,0,0,0,0,0,0,0,0,0,0,0,0,0,0,0,0,0,0,0,0,0,0
"433442",350651.074173596,22965.839497487,142.30968919383,11935.1547313067,3284.68302228895,227.079693372169,35761.5877785906,2851.59453109457,16909.7395395021,4738.07553433574,1488.20590006619,434.060054185974,5372.93647368727,1215.63775423885,0,2838.2212522691,3534.48901265722,1138.47751355064,803.631186035744,0,768.906381700867,7490.63636366651,1289.15836093234,351.588643890638,12054.4677905362,0,8304.18892236935,976.63512191844,937.569717041701,1084.26429861966,823.828266108071,55.8077212524823,297.641180013239,2839.99292595965,736.661920532765,435.300225769361,6395.56485553446,0,971.054349793191,4486.94078869957,3549.37107165787,1128.55614088353,524.592579773334,385.073276642127,3549.37107165787,786.888869659999,534.984362351382,753.40423690851,602.723389526808,3013.61694763404,167.423163757447,0,2511.3474563617,468.784858520851,173.196376300807,2591.4194042457,1057.68919326133,2745.73988562213,0,0,719.919604157021,669.692655029787,0,247.495111641443,347.248043348779,3193.91881629591,3850.73276642127,2042.56259784085,1406.35457556255,1674.23163757447,1674.23163757447,281.696116798244,2310.43965985276,80.8249756070433,0,0,284.619378387659,0,1540.29310656851,1942.10869958638,0,2779.22451837361,753.40423690851,368.330960266383,1707.71627032596,2812.7091511251,0,703.177287781276,0,0,0,627.172486456466,547.447170381491,452.042542145106,97.056906526056,0,1004.53898254468,0,83.7115818787233,0,485.527174896595,1272.41604455659,0,0,1238.93141180511,1004.53898254468,652.950338654042,0,515.74032054018,366.736453944885,366.736453944885,0,669.692655029787,334.846327514893,0,0,0,0,0,0,26.4352363827547,418.557909393617,0,0,0,65.1090081278958,0,0,0,201.970800723269,0,0,0,535.754124023829,195.327024383688,0,0,148.820590006619,0,167.423163757447,0,0,272.837748345469,130.218016255792,0,0,0,217.650112884681,172.823910975429,53.1502107166498,719.299518365327,0,0,0,0,0,0,56.5937454954748,0,0,3.84880836224015,870.600451538723,1741.20090307745,0,117.196214630213,0,0,0,0,0,837.115818787233,0,0,0,0,136.418874172734,0,0,0,904.085084290212,0,0,101.909751852359,0,1473.32384106553,0,0,1339.38531005957,686.434971405531,0,0,0,0,0,200.907796508936,0,0,0,0,0,0,904.085084290212,1205.44677905362,0,74.4102950033096,0,0,0,267.877062011915,65.1090081278958,136.418874172734,0,0,401.815593017872,16.7423163757447,0,0,100.985400361635,0,569.238756775319,0,162.022416539464,0,0,0,0,502.26949127234,0,0,0,0,0,282.759121012576,0,0,0,0,0,0,0,0,133.938531005957,0,0,0,0,0,55.8077212524823,0,0,0,184.165480133191,0,0,0,0,0,0,0,0,0,167.423163757447,122.776986755461,0,0,0,0,0,0,0,0,0,0,0,0,837.115818787233,167.423163757447,0,0,0,0,0,0,0,0,0,0,0,0,0,0,0,0,0,0,0,267.877062011915,0,0,0,0,0,0,0,0,0,100.453898254468,0,0,0,0,0,0,0,0,0,0,0,0,0,0,0,0,0,0,0,0,0,0,0,0,0,0,0,301.361694763404,401.815593017872,0,0,0,0,0,301.361694763404,0,0,0,0,0,0,703.177287781276,0,0,0,100.453898254468,0,234.392429260425,0,0,0,0,0,0,0,0,0,0,0,0,0,0,0,0,0,0,0,368.330960266383,0,0,0,0,0,0,0,0,0,0,0,0,0,0,0,0,0,0,0,0,0,0,0,0,0,0,0,0,0,0,0,0,0,334.846327514893,0,0,0,0,0,0,0,0,0,0,0,0,0,0,0,0,0,0,0,904.085084290212,0,0,0,0,0,0,0,0,0,0,0,0,0,0,0,0,0,0,0,0,0,0,0,0,0,0,0,0,0,0,0,0,0,0,0,0,0,0,0,0,0,0,0,0,0,0,0,0,0,0,0,0,0,0,0,435.300225769361,0,0,0,0,0,0,0,0,0,368.330960266383,0
"433561",132141.198749469,23881.4425544065,11873.9200392888,9755.28422646843,1992.10834494799,66.2253651737821,2780.60152818788,4040.39745450143,4834.73959405641,3193.93418778338,807.181624799285,4601.86305632697,7132.18389284601,2172.85548324905,945.65502422606,95.4303398777481,398.951837544474,2379.79410070134,1377.77553198499,0,259.782591889426,547.399032909862,1189.89705035067,663.837301774585,2279.59224382971,656.625804499732,0,1078.56165382663,0,449.31785025773,703.798756598392,153.086170220554,334.006189572118,231.948742758416,839.190551299947,488.484052249223,0,0,3131.30802723861,2179.39038695807,1903.83528056107,797.903675088951,0,964.442872389492,1477.97738885662,738.988694428312,621.942559892911,701.412998101448,538.584980685041,1778.58295947153,2768.07629607893,183.703404264665,1452.92692463871,313.130802723861,146.847548863604,0,155.074302301341,651.312069665631,776.564390755175,826.665319190993,1340.19983565812,0,0,1731.74948289022,0,1040.55774443621,601.211141229813,1002.01856871636,1152.32135402381,2154.33992274016,1853.73435212526,222.670793048079,1202.42228245963,526.923557687049,0,3444.43882996247,363.231731159679,0,901.81671184472,701.412998101448,2029.08760165062,0,764.039158646221,0,651.312069665631,0,174.955623109205,0,380.395938123802,387.878155632137,0,0,0,388.282195377588,199.677613331158,0,1027.06903293426,1443.12456907519,0,250.504642179089,200.403713743271,0,111.335396524039,306.172340441108,726.463462319357,551.110212793995,37.5756963268633,386.648469450334,454.939465106851,43.7389057773013,0,0,475.958820140269,1227.47274667753,0,976.968104498446,338.18126694177,0,0,776.564390755175,0,0,0,0,0,48.7092359792671,0,81.4140087082039,0,0,0,0,0,0,97.4184719585346,0,0,0,0,87.6766247626811,425.857891704451,148.447195365386,0,0,501.009284358178,175.353249525362,0,112.72708898059,0,0,0,0,0,0,0,0,0,0,0,551.110212793995,8.63809110962376,0,0,0,200.403713743271,676.36253388354,20.0403713743271,0,223.27587672484,0,0,0,0,425.857891704451,0,194.836943917069,0,0,0,0,0,0,0,0,0,0,222.670793048079,0,0,0,0,0,701.412998101448,0,0,0,0,0,0,0,0,0,0,0,0,0,0,0,0,27.8338491310098,0,0,0,0,0,0,0,31.8101132925827,75.1513926537266,0,375.756963268633,0,0,65.1312069665631,0,0,0,751.513926537266,0,0,0,0,0,0,0,0,0,0,0,0,0,250.504642179089,0,300.605570614907,0,169.69669308906,98.0235556352956,66.8012379144238,0,0,350.706499050724,237.979410070134,0,0,0,0,1327.67460354917,0,0,0,701.412998101448,0,0,0,0,0,0,0,100.201856871636,75.1513926537266,0,0,0,0,0,0,0,0,148.447195365386,0,0,125.252321089544,0,0,155.485639973228,0,0,0,0,0,0,0,0,0,0,0,0,0,231.948742758416,0,0,0,275.555106396998,133.602475828847,0,0,0,111.335396524039,0,0,0,0,0,0,0,0,0,0,0,0,0,0,0,0,0,0,0,0,0,726.463462319357,0,150.302785307453,0,0,0,0,0,0,0,0,0,0,0,0,0,0,0,0,0,0,0,0,0,0,0,0,0,0,0,0,0,0,0,0,0,0,0,0,0,0,0,0,0,0,0,0,0,0,0,0,0,0,0,0,0,0,0,0,0,0,0,0,0,0,0,0,0,0,0,0,0,0,0,0,0,0,0,0,0,0,0,0,0,0,0,0,0,0,0,0,0,0,0,0,0,0,0,0,0,0,0,0,0,0,0,0,0,0,0,0,0,0,0,0,0,0,0,0,0,0,0,0,0,0,0,0,0,0,0,0,0,0,0,0,0,0,0,0,0,0,0,0,0,0,0,0,0,0,0,0,0,0,0,0,0,0,0,0,0,0,0,0,0,0,0,0
"433569",159937.38434056,53423.1062676756,42673.9915089554,24661.3696891874,2353.2099401802,224.839742847677,4529.92913484689,10776.847538547,4529.92913484689,25043.3014102615,2364.104430644,8350.62694050057,15827.5345294089,9646.2423770702,3152.93363078832,114.392149869871,571.960749349354,10166.6023196848,3011.37334532435,0,705.418257530871,972.333273893904,2522.34690463065,1467.07932208109,3345.97038369373,3540.9570027901,0,2959.89687788291,0,800.745049089099,1086.72542376377,514.764674414419,972.333273893904,305.045732986323,1904.62929533335,823.623479063071,0,0,3963.68799299103,0,0,1601.49009817819,0,1081.00581627028,720.670544180187,1956.10576277479,1189.28390295745,0,0,1338.38815347749,13100.760963847,523.344085654661,0,0,307.675437581032,0,0,0,3268.75568253156,2110.53516509912,2934.15864416219,283.120570927931,123.253513592185,4050.97417691347,0,910.73750088705,669.194076738745,720.670544180187,1801.67636045047,0,0,212.442564044046,0,461.513156371548,2934.15864416219,23473.2691532975,1312.64991975677,0,566.241141855861,772.147011621629,0,0,1158.22051743244,1595.7704906847,0,0,130.733885565567,0,457.568599479484,332.10624155769,0,0,0,1724.4616592883,358.097164810031,0,0,6042.88965616926,0,758.600572821252,283.120570927931,0,171.588224804806,0,0,0,0,738.575402420687,1141.94922025268,204.271696196198,0,0,566.241141855861,0,0,875.099946504513,489.026440693698,0,0,2445.13220346849,0,0,411.811739531535,0,0,357.475468343347,0,270.25145406757,0,0,0,0,0,0,185.88724353854,360.335272090093,0,0,156.667509604389,0,1081.00581627028,419.437882856194,0,0,463.288206972977,694.932310459466,0,205.905869765768,0,0,0,0,0,0,0,0,0,0,0,0,17.7505060142903,0,0,0,257.38233720721,0,0,154.429402324326,0,0,0,0,0,0,0,0,0,0,0,0,1183.95875115316,0,134.286436803761,0,0,0,476.633957791129,0,0,0,171.588224804806,0,0,0,0,0,0,0,0,0,0,0,0,57.1960749349354,0,0,0,0,0,71.4950936686694,0,0,0,0,694.932310459466,0,0,81.7086784784794,0,0,0,0,0,0,0,0,0,0,0,0,0,0,0,0,0,0,0,0,0,0,334.597038369373,308.858804648652,0,0,0,963.108100517299,514.764674414419,102.952934882884,0,0,0,128.691168603605,0,0,51.4764674414419,0,0,0,0,0,669.194076738745,0,0,0,283.120570927931,1792.14368129464,0,0,360.335272090093,0,0,0,0,0,0,0,0,0,0,0,0,411.811739531535,0,0,0,0,0,0,0,0,0,0,0,0,0,0,0,0,0,0,0,124.253542100032,0,205.905869765768,0,0,0,0,0,0,0,0,215.869057012498,0,0,0,0,0,0,0,0,0,0,0,0,0,0,0,0,0,0,0,0,0,0,0,0,231.644103486489,0,0,0,0,0,0,0,0,0,0,0,0,0,0,0,0,0,0,0,0,0,0,0,0,0,0,0,0,0,0,0,0,0,0,0,0,0,0,0,0,0,0,0,0,0,0,0,0,0,0,0,0,0,0,0,0,0,0,0,0,0,0,0,0,0,0,0,0,0,0,0,0,0,0,0,0,0,0,0,0,0,0,0,0,0,0,0,0,0,0,0,0,0,0,0,0,0,0,0,0,0,0,0,0,0,0,0,0,0,0,0,0,0,0,0,0,0,0,0,0,0,0,0,0,0,0,0,0,0,0,0,0,0,0,0,0,0,0,0,0,0,0,0,0,0,0,0,0,0,0,0,0,0,0,0,0,0,0
"433635",382679.058602406,59085.8929038086,348.971041011381,25505.0439850293,4735.00977456947,255.525836755885,31123.0469168669,4753.01059442024,22696.0425191105,8918.1488258464,899.952753225509,995.692407823969,15937.6812599834,1281.24633414807,0,2749.09579632716,11852.5692392891,2016.27712584353,1938.72800561878,0,612.733789430136,11737.681653771,2378.17302022571,491.144428090092,10288.1832831503,0,11011.9750719147,1220.68059613034,2145.52565955145,992.956989121154,738.563049759537,0,775.491202247513,4155.1010095731,1266.6356303376,568.693548314843,7444.71554157613,0,1137.38709662969,0,5325.03958876626,1148.8758551815,1912.8782988772,491.144428090092,3412.16128988906,3050.26539550688,1426.19071677703,1059.83797640493,2042.12683258512,2946.86656854055,232.647360674254,0,4911.44428090092,0,410.029831073398,3146.92082071455,894.481915819883,3412.16128988906,0,0,956.4391494386,1111.5373898881,0,2764.79472105635,516.994134831675,6005.08571996791,3670.6583573049,2378.17302022571,2119.67595280987,0,2274.77419325937,188.743890494104,2326.47360674254,71.309535838852,1757.7800584277,0,878.890029213848,878.890029213848,1964.57771236037,1654.38123146136,0,2378.17302022571,0,1964.57771236037,2119.67595280987,2016.27712584353,0,982.288856180183,0,0,0,1321.20723345873,533.406647048553,1887.02859213562,1131.39296173309,0,0,0,129.248533707919,0,568.693548314843,3412.16128988906,172.331378277225,0,1964.57771236037,1189.08651011285,801.340908989097,0,1444.01810073675,796.006842518612,426.725317638843,393.206806773387,827.190615730681,0,0,0,0,0,0,0,122.445979302239,0,0,0,0,129.248533707919,0,0,672.092375281178,525.200390940117,0,0,0,0,0,1240.78592359602,0,213.362658819422,0,465.294721348508,0,0,402.106549313525,201.053274656763,982.288856180183,697.942082022762,0,206.79765393267,0,155.918866060347,1148.8758551815,0,0,0,50.9712527298835,0,0,0,0,0,0,0,0,0,0,0,0,0,0,0,0,0,0,0,0,114.88758551815,0,516.994134831675,0,0,0,0,382.126099658195,0,0,0,0,0,982.288856180183,0,0,0,0,0,0,0,0,292.214076209208,134.418475056236,0,0,0,0,0,0,0,221.568914927861,0,0,0,0,0,0,0,25.8497067415838,0,0,0,0,0,0,333.54460311721,0,0,0,0,0,0,0,0,0,0,160.84261972541,93.0589442697016,0,0,0,0,134.035516437842,0,0,0,77.5491202247513,0,0,0,0,103.398826966335,0,0,0,0,0,0,0,0,0,0,0,516.994134831675,0,0,775.491202247513,0,0,0,0,0,0,0,0,0,0,0,0,0,0,0,0,0,0,0,0,0,0,0,0,310.196480899005,0,0,2688.36950112471,0,0,0,0,73.8563049759537,0,0,0,0,0,0,0,0,0,0,0,0,0,0,0,0,0,0,0,0,982.288856180183,0,0,0,0,0,0,0,0,0,0,0,0,0,0,0,0,0,0,0,0,0,0,0,0,0,0,0,0,0,0,0,0,0,0,0,0,0,0,0,0,0,0,0,0,284.346774157421,0,0,0,0,0,0,0,0,0,0,0,0,413.59530786534,0,0,0,0,0,0,0,0,0,0,0,0,0,0,0,0,0,0,0,0,0,0,0,0,0,0,0,0,0,0,0,0,0,361.895894382173,0,0,0,0,0,0,0,0,0,0,0,0,0,0,0,0,0,0,0,0,0,0,0,0,0,0,0,0,0,0,0,0,0,0,0,0,0,0,73.8563049759537,0,0,0,0,0,0,0,0,0,0,0,0,0,0,0,0,0,0,0,0,0,0,0,0,0,0,0,0,0,0,0,0,0,0,0,0,0,0,0,0,0,0,0,0,0,0,0,0
"433643",463296.315352572,13935.9806089672,723.598993157912,5596.57152307064,3512.0713036518,299.42027303086,45152.5771730537,2915.1443308584,20936.1308687023,10435.9054790997,1715.19761341135,238.221890751576,4735.27616978435,1691.89329801174,0,2399.23475685516,1095.82069745725,4438.07382470186,4631.03355621064,0,595.554726878939,1596.08666803556,4389.83389182467,964.798657543883,14375.4999974038,0,10677.1051434856,509.199291481493,3650.15492104102,1235.35066204031,781.027484678382,0,2903.32929353483,2942.04035078196,2058.23713609362,2621.03635299421,7364.62975258497,0,1543.67785207021,5949.59172152061,5627.99216900598,1238.75383190819,1522.23788190257,2492.39653198836,3376.79530140359,996.958612795345,273.544446966465,1624.07774019887,3296.39541327493,3794.8747196726,578.87919452633,0,4920.4731534738,1752.71756120472,103.503304257581,2418.98793847959,1168.98884961666,3023.0357936375,0,1688.39765070179,418.079418269016,1640.1577178246,0,741.077229707621,0,4353.96317250571,6239.03131878377,2219.03691235093,2411.99664385971,0,1897.4373598363,280.761514100072,1607.99776257314,243.972074321441,1833.11744933338,0,707.519015532181,884.398769415226,2122.55704659654,1093.43847854973,3634.07494341529,4984.79306397673,0,1929.59731508777,2026.07718084215,2572.79642011702,0,578.87919452633,0,0,0,1174.09360441848,367.542345731002,1624.07774019887,563.96443267058,0,1543.67785207021,0,88.4398769415226,406.231013702687,755.758948409375,1222.07829955558,652.13242593244,0,1672.31767307606,1254.23825480705,964.798657543883,188.764954736846,351.171925159652,551.313518596503,372.647100532823,72.4731385948455,418.079418269016,578.87919452633,0,0,0,0,0,0,0,0,0,836.158836538031,0,53.5999254191047,0,48.2399328771941,0,209.294946874599,0,0,0,0,366.266157030548,643.199105029255,0,158.247398856404,97.8781246783651,578.87919452633,707.519015532181,0,250.132985289155,232.266343482786,482.399328771941,739.678970783643,0,0,0,86.7808316309313,917.154279393567,0,0,450.239373520479,0,350.186179404817,0,0,0,0,0,0,1736.63758357899,0,144.719798631582,321.599552514628,77.1838926035106,0,0,0,1254.23825480705,0,771.838926035106,0,0,83.3776617630515,0,0,1382.8780758129,707.519015532181,0,0,181.773660116963,0,2058.23713609362,0,47.6443781503151,1125.5984338012,771.838926035106,0,0,0,611.039149777792,0,337.679530140359,0,0,139.825892397664,57.887919452633,144.719798631582,0,868.318791789494,0,0,91.8855864327508,0,0,0,450.239373520479,116.133171741393,0,0,0,0,0,0,187.599738966866,45.9427932163754,0,578.87919452633,353.75950776609,186.735224040752,0,0,0,0,0,0,418.079418269016,0,0,0,321.599552514628,64.3199105029255,0,0,0,0,309.688457977049,0,0,0,0,0,0,0,0,0,0,0,192.959731508777,273.359619637433,0,0,0,0,0,1929.59731508777,771.838926035106,546.719239274867,0,0,632.479119945435,353.75950776609,0,0,0,0,0,0,0,0,0,0,0,836.158836538031,0,0,0,0,0,0,0,0,0,0,0,128.639821005851,0,0,0,0,0,514.559284023404,0,114.856983040938,0,0,0,0,0,0,0,0,257.279642011702,0,0,0,0,0,0,0,0,0,289.439597263165,0,0,0,0,0,0,0,0,0,0,0,0,0,0,0,0,0,0,0,0,289.439597263165,0,0,0,257.279642011702,0,0,0,0,0,0,0,1318.55816530997,0,0,0,0,0,0,0,0,0,0,0,0,0,0,0,0,0,0,0,0,0,0,0,0,0,0,0,0,0,0,0,0,546.719239274867,0,0,0,0,0,0,0,0,627.119127403524,96.4798657543883,0,0,0,0,0,0,0,0,0,0,0,0,0,0,0,0,0,0,0,0,0,0,0,0,0,0,0,0,0,0,0,0,0,0,0,0,0,0,0,0,0,0,0,0,0,0,0,0,0,0,0,0,0,0,0,0,0,0,0,0,0,0,0,0,0,0,0,0,0,0,0,0,0,0,0,0,0,0,0,0,0,0,450.239373520479,450.239373520479,0,0,0,0,0,0,0,0,0,0,0,0,0,0,0,0,0,0,0,0,0
"433938",184168.313819917,1550.52857787351,3392.00663162416,745.966510575774,5819.84806049838,0,1176.41848495636,5806.19445801041,8195.71544519594,1254.84638395345,1321.65533495097,24160.1499966036,538.628386790362,2681.04067767228,1955.79573123994,34.2344003558729,631.780297476561,1068.58012383536,1794.03818955844,0,537.376344980064,1517.72508244369,627.423191976723,2568.51369215471,2117.55327292144,10058.9721971268,0,1721.05667243615,0,1045.7053199612,2299.92926027181,299.551003113887,2162.21360429479,559.161872479255,1921.48352542871,499.977856106451,2058.73234867362,0,4940.95763681669,3215.54385888071,2529.29974265616,1002.13426496282,0,3607.68335386616,2705.76251539962,1284.25684607736,76.6249587902606,2205.78465929317,2323.4265077888,2215.5881466678,499.977856106451,914.992154966055,3313.57873262707,607.81621722745,0,170.49543260237,140.049819637661,568.602267728905,5519.36339192024,1529.34403044326,2431.2648689098,0,0,1133.79462680576,1023.91979246201,904.937296120275,548.995292979633,745.065040472359,1686.19982843744,2803.79738914598,1392.09520719835,1182.6429213847,627.423191976723,1994.50260380531,3411.61360637343,411.746469734725,1156.81151020708,0,784.278989970904,1137.20453545781,2294.01604566489,352.925545486907,784.278989970904,1352.88125769981,647.030166725996,0,541.525969265624,205.873234867362,944.039524964976,524.960936835363,0,105.815419281789,0,196.069747492726,346.674046291487,31.3711595988362,1568.55797994181,409.189038245689,0,1248.65470771683,372.532520236179,627.423191976723,185.17698374313,1318.0244137011,980.34873746363,431.353444483997,98.034873746363,366.565180095096,0,105.815419281789,31.1221821417026,265.108390976081,803.885964720176,2431.2648689098,656.833654100632,1137.20453545781,421.549957109361,0,0,950.938275339721,634.646814252771,0,960.741762714357,166.659285368817,2505.33566240706,495.620750606613,647.030166725996,63.7226679351359,372.532520236179,0,1582.08003149303,0,0,0,304.997384988686,823.492939469449,813.689452094813,304.997384988686,110.822031191541,0,980.34873746363,210.593432492186,0,315.89014873828,470.567393982542,147.052310619544,0,88.2313863717267,0,0,21.7855274991918,0,0,0,0,0,0,0,0,1254.84638395345,0,0,0,1568.55797994181,0,843.099914218722,235.283696991271,0,400.664266615571,94.4039524964976,548.995292979633,0,450.96041923327,627.423191976723,0,566.423714978986,745.065040472359,1352.88125769981,0,333.318570737634,764.672015221631,0,105.138850104795,0,0,0,65.3565824975752,0,0,0,907.730312466324,117.641848495636,352.925545486907,0,0,1333.27428295054,0,0,372.532520236179,0,0,235.283696991271,0,65.3565824975752,0,0,127.60094678098,0,215.676722241999,81.6957281219692,304.997384988686,0,0,0,0,0,0,34.2344003558729,176.462772743453,0,254.890671740544,0,0,301.947411138798,88.2313863717267,246.668392006977,372.532520236179,0,235.283696991271,647.030166725996,0,0,0,0,0,0,573.685557478717,0,0,275.950014989763,196.069747492726,803.885964720176,0,1294.06033345199,65.3565824975752,82.2227973356592,340.990865204741,313.711595988362,0,261.426329990301,0,29.4104621239089,337.239965687489,0,39.2139494985452,568.602267728905,0,0,0,0,509.781343481088,0,0,0,0,0,0,0,245.087184365907,137.248823244908,0,0,196.069747492726,490.174368731815,921.527813215812,0,0,509.781343481088,188.807904992995,431.353444483997,0,490.174368731815,0,8.28463721800251,47.3271804292788,235.283696991271,0,58.8209242478178,0,548.995292979633,0,0,196.069747492726,0,0,49.0174368731815,0,274.497646489816,428.448707484106,0,450.96041923327,54.0882062048899,0,130.713164995151,0,235.283696991271,0,130.713164995151,0,0,0,0,246.668392006977,0,0,882.313863717267,0,0,509.781343481088,0,1705.80680318672,204.594519122845,0,0,0,121.698463961002,343.12205811227,0,0,0,0,176.462772743453,0,0,0,0,0,0,0,0,1019.56268696218,0,0,0,0,745.065040472359,0,0,0,0,392.139494985452,843.099914218722,0,0,0,0,0,0,0,0,0,0,431.353444483997,490.174368731815,0,0,0,147.052310619544,0,0,0,313.711595988362,235.283696991271,0,0,0,0,0,294.104621239089,0,0,0,0,0,0,0,0,0,0,0,0,0,0,0,0,0,0,0,0,0,372.532520236179,274.497646489816,0,0,0,0,78.4278989970904,0,0,627.423191976723,0,0,0,0,0,0,0,0,0,0,254.890671740544,0,294.104621239089,0,0,0,39.2139494985452,0,0,0,0,0,0,0,0,0,0,0,0,0,0,0,0,0,431.353444483997,0,0,0,0,0,0,0,0,0,0,0,0,0,0,0,274.497646489816,0,0,0,0,333.318570737634,0,0,0,294.104621239089,0,0,0,0,0,0,0,0,0,0,0,0,0,0,0,254.890671740544,0,0,0,0,235.283696991271,0,0,0,0,215.676722241999
"433946",163989.152765222,6628.43811398275,11042.045041329,3028.2680492453,4596.19925799505,0,0,5788.5798923954,7177.83906657028,2039.15882573019,1857.90026344307,10377.0526909381,2081.34831867634,2509.05194644193,4843.00221110921,25.8940803267326,332.307364193069,2406.20741436163,4424.97465183452,0,830.768410482672,679.719608576732,1896.41770792908,3201.4793563964,3466.57000374133,9843.57578602483,0,2458.31925101918,0,1087.55137372277,1715.48282164604,305.873823859529,2492.30523144801,407.831765146039,3160.6961798818,1080.754177637,0,0,3833.61859237276,0,0,951.607452007422,0,3650.09429805705,2936.38870905148,815.663530292077,112.505314523045,3527.74476851323,2956.78029730878,3425.78682722672,1407.01958975383,1101.1457658943,4200.6671810042,1080.754177637,0,0,0,0,17373.6331952212,1937.20088444368,1651.71864884146,0,0,1454.00890182501,483.356166099011,909.778553018086,489.398118175246,774.880353777473,1468.19435452574,3425.78682722672,1468.19435452574,964.554492170792,0,1293.81111701502,3833.61859237276,1794.45976664257,1345.84482498193,0,734.09717726287,1141.92894240891,0,0,0,1590.54388406955,693.314000748266,0,472.566965962871,0,891.187931245049,565.702125847732,0,0,0,591.356059461756,780.199898540248,0,1427.41117801114,354.636317518294,0,762.001455930757,672.922412490964,978.796236350493,271.887843430692,860.978170863859,1264.27847195272,938.013059835889,0,514.222660401526,154.694807469187,58.2616807351484,0,476.761077565087,1386.62800149653,2977.17188556608,550.572882947152,0,428.223353403341,0,0,795.271942034775,515.155913868679,0,367.048588631435,244.699059087623,0,419.160425288985,0,193.720088444368,0,0,1251.62162406888,0,0,0,328.53114414542,734.09717726287,611.747647719058,0,159.586342883233,0,693.314000748266,271.887843430692,0,396.503105003093,448.614941660642,326.265412116831,0,0,0,0,0,0,0,0,0,145.006849829703,0,0,0,1101.1457658943,0,0,0,1080.754177637,489.398118175246,1141.92894240891,114.192894240891,81.5663530292077,514.222660401526,90.6292811435641,0,0,0,0,0,513.565926480197,734.09717726287,1182.71211892351,0,0,1264.27847195272,0,360.546922810266,0,0,0,196.363442477722,0,0,0,966.712332198017,0,1101.1457658943,0,0,1916.80929618638,0,0,179.445976664257,0,0,0,0,108.755137372277,0,0,0,0,0,67.9719608576732,226.573202858911,0,0,0,40.7831765146039,0,0,51.7881606534652,0,0,285.482235602227,0,0,301.795506208069,0,473.611082105079,0,0,0,530.18129468985,0,0,0,0,224.307470830321,0,286.992723621287,0,0,0,0,489.398118175246,0,1345.84482498193,311.871349817559,184.182087485308,0,163.132706058415,0,294.545163716583,530.18129468985,0,130.506164846732,0,0,530.18129468985,0,0,0,0,163.132706058415,0,0,0,0,0,0,0,428.223353403341,285.482235602227,0,0,0,570.964471204454,0,0,0,0,196.363442477722,0,0,203.915882573019,0,0,14.0631643153807,163.132706058415,0,0,0,0,0,0,0,0,0,378.700924778465,0,509.789706432548,407.831765146039,0,1753.67659012797,140.631643153807,0,380.642980802969,0,326.265412116831,0,0,0,0,0,0,223.649677660731,0,0,0,0,0,856.446706806681,0,0,195.049974635062,0,0,0,0,305.873823859529,0,0,0,0,326.265412116831,0,0,0,0,0,0,0,0,856.446706806681,0,0,0,0,0,0,0,0,632.13923597636,530.18129468985,0,0,0,0,0,0,0,0,0,0,0,0,0,0,0,0,0,0,0,0,367.048588631435,367.048588631435,0,0,0,0,0,0,0,0,0,0,0,0,0,0,0,0,0,0,0,0,0,0,203.915882573019,0,0,0,0,0,0,0,0,0,0,0,0,0,0,0,0,0,0,0,0,0,0,0,0,0,0,0,0,0,0,448.614941660642,0,0,0,0,0,0,0,0,0,0,0,0,0,0,0,0,0,0,0,0,0,0,0,0,0,0,0,0,0,0,0,0,0,0,0,0,0,0,0,0,0,0,0,0,0,0,0,0,570.964471204454,570.964471204454,0,0,0,0,0,0,0,0,0,0,0,0,0,0,0,0,0,0,0
